"nfeatures","n_pcs","resolution","silhouette","modularity"
500,5,0.2,0.385606091169244,0.547822274997057
500,5,0.22,0.385606091169244,0.547822274997057
500,5,0.24,0.385606091169244,0.547822274997057
500,5,0.26,0.385606091169244,0.547822274997057
500,5,0.28,0.385606091169244,0.547822274997057
500,5,0.3,0.385606091169244,0.547822274997057
500,5,0.32,0.387086431328734,0.55097583034146
500,5,0.34,0.387086431328734,0.55097583034146
500,5,0.36,0.377341093114955,0.565767354549768
500,5,0.38,0.377341093114955,0.565767354549768
500,5,0.4,0.338070718888814,0.591711361428203
500,5,0.42,0.338070718888814,0.591711361428203
500,5,0.44,0.338938100922543,0.592532147524822
500,5,0.46,0.338938100922543,0.592532147524822
500,5,0.48,0.338938100922543,0.592532147524822
500,5,0.5,0.338938100922543,0.592532147524822
500,5,0.52,0.31841591731648,0.609760283461908
500,5,0.54,0.31841591731648,0.609760283461908
500,5,0.56,0.31841591731648,0.609760283461908
500,5,0.58,0.31841591731648,0.609760283461908
500,5,0.6,0.31841591731648,0.609760283461908
500,5,0.62,0.31841591731648,0.609760283461908
500,5,0.64,0.31841591731648,0.609760283461908
500,5,0.66,0.31841591731648,0.609760283461908
500,5,0.68,0.31841591731648,0.609760283461908
500,5,0.7,0.31841591731648,0.609760283461908
500,5,0.72,0.31841591731648,0.609760283461908
500,5,0.74,0.31841591731648,0.609760283461908
500,5,0.76,0.31841591731648,0.609760283461908
500,5,0.78,0.31841591731648,0.609760283461908
500,5,0.8,0.31841591731648,0.609760283461908
500,5,0.82,0.31841591731648,0.609760283461908
500,5,0.84,0.31841591731648,0.609760283461908
500,5,0.86,0.31833485669643,0.61009629689531
500,5,0.88,0.31833485669643,0.61009629689531
500,5,0.9,0.31833485669643,0.61009629689531
500,5,0.92,0.31833485669643,0.61009629689531
500,5,0.94,0.31833485669643,0.61009629689531
500,5,0.96,0.31833485669643,0.61009629689531
500,5,0.98,0.31833485669643,0.61009629689531
500,5,1,0.288538208053617,0.590407449734745
550,5,0.2,0.396116395353558,0.556307909183862
550,5,0.22,0.396116395353558,0.556307909183862
550,5,0.24,0.398216607912697,0.557162289371391
550,5,0.26,0.398216607912697,0.557162289371391
550,5,0.28,0.398216607912697,0.557162289371391
550,5,0.3,0.398216607912697,0.557162289371391
550,5,0.32,0.3365932865337,0.599272534178701
550,5,0.34,0.3365932865337,0.599272534178701
550,5,0.36,0.3365932865337,0.599272534178701
550,5,0.38,0.3365932865337,0.599272534178701
550,5,0.4,0.326194193399068,0.629212318489785
550,5,0.42,0.326194193399068,0.629212318489785
550,5,0.44,0.326194193399068,0.629212318489785
550,5,0.46,0.326194193399068,0.629212318489785
550,5,0.48,0.326454076426835,0.629030543487084
550,5,0.5,0.326454076426835,0.629030543487084
550,5,0.52,0.326454076426835,0.629030543487084
550,5,0.54,0.326454076426835,0.629030543487084
550,5,0.56,0.326454076426835,0.629030543487084
550,5,0.58,0.326454076426835,0.629030543487084
550,5,0.6,0.326454076426835,0.629030543487084
550,5,0.62,0.326454076426835,0.629030543487084
550,5,0.64,0.326454076426835,0.629030543487084
550,5,0.66,0.326454076426835,0.629030543487084
550,5,0.68,0.326454076426835,0.629030543487084
550,5,0.7,0.326454076426835,0.629030543487084
550,5,0.72,0.326454076426835,0.629030543487084
550,5,0.74,0.326454076426835,0.629030543487084
550,5,0.76,0.326454076426835,0.629030543487084
550,5,0.78,0.326454076426835,0.629030543487084
550,5,0.8,0.326454076426835,0.629030543487084
550,5,0.82,0.326454076426835,0.629030543487084
550,5,0.84,0.30438076344913,0.612058601480225
550,5,0.86,0.30438076344913,0.612058601480225
550,5,0.88,0.277855017601388,0.594663656147565
550,5,0.9,0.277855017601388,0.594663656147565
550,5,0.92,0.277855017601388,0.594663656147565
550,5,0.94,0.277855017601388,0.594663656147565
550,5,0.96,0.277855017601388,0.594663656147565
550,5,0.98,0.277855017601388,0.594663656147565
550,5,1,0.277855017601388,0.594663656147565
600,5,0.2,0.368053093502394,0.573483697504222
600,5,0.22,0.368053093502394,0.573483697504222
600,5,0.24,0.368053093502394,0.573483697504222
600,5,0.26,0.368053093502394,0.573483697504222
600,5,0.28,0.368053093502394,0.573483697504222
600,5,0.3,0.368053093502394,0.573483697504222
600,5,0.32,0.347661218761357,0.612403840120097
600,5,0.34,0.347661218761357,0.612403840120097
600,5,0.36,0.344375459881316,0.610734603865641
600,5,0.38,0.344375459881316,0.610734603865641
600,5,0.4,0.344375459881316,0.610734603865641
600,5,0.42,0.344375459881316,0.610734603865641
600,5,0.44,0.344375459881316,0.610734603865641
600,5,0.46,0.344375459881316,0.610734603865641
600,5,0.48,0.344902821663131,0.61260122049165
600,5,0.5,0.330570971829757,0.634641570275849
600,5,0.52,0.330570971829757,0.634641570275849
600,5,0.54,0.330570971829757,0.634641570275849
600,5,0.56,0.330570971829757,0.634641570275849
600,5,0.58,0.330570971829757,0.634641570275849
600,5,0.6,0.330570971829757,0.634641570275849
600,5,0.62,0.330570971829757,0.634641570275849
600,5,0.64,0.330570971829757,0.634641570275849
600,5,0.66,0.330570971829757,0.634641570275849
600,5,0.68,0.330190300104402,0.635716143366485
600,5,0.7,0.330190300104402,0.635716143366485
600,5,0.72,0.330190300104402,0.635716143366485
600,5,0.74,0.330190300104402,0.635716143366485
600,5,0.76,0.330190300104402,0.635716143366485
600,5,0.78,0.330190300104402,0.635716143366485
600,5,0.8,0.330190300104402,0.635716143366485
600,5,0.82,0.330190300104402,0.635716143366485
600,5,0.84,0.299614022819268,0.618365375867893
600,5,0.86,0.297899200172937,0.61647466766748
600,5,0.88,0.299614022819268,0.618365375867893
600,5,0.9,0.299614022819268,0.618365375867893
600,5,0.92,0.299614022819268,0.618365375867893
600,5,0.94,0.299614022819268,0.618365375867893
600,5,0.96,0.300000285243164,0.615557446425221
600,5,0.98,0.299614022819268,0.618365375867893
600,5,1,0.275394933741312,0.594223780821918
650,5,0.2,0.390738088199457,0.551898774621128
650,5,0.22,0.390738088199457,0.551898774621128
650,5,0.24,0.390738088199457,0.551898774621128
650,5,0.26,0.390738088199457,0.551898774621128
650,5,0.28,0.390738088199457,0.551898774621128
650,5,0.3,0.390738088199457,0.551898774621128
650,5,0.32,0.390738088199457,0.551898774621128
650,5,0.34,0.390738088199457,0.551898774621128
650,5,0.36,0.281912630397531,0.592980022456875
650,5,0.38,0.281912630397531,0.592980022456875
650,5,0.4,0.281912630397531,0.592980022456875
650,5,0.42,0.316914780339739,0.61312693827152
650,5,0.44,0.316914780339739,0.61312693827152
650,5,0.46,0.316914780339739,0.61312693827152
650,5,0.48,0.316040036658626,0.613787220139324
650,5,0.5,0.316040036658626,0.613787220139324
650,5,0.52,0.316040036658626,0.613787220139324
650,5,0.54,0.316040036658626,0.613787220139324
650,5,0.56,0.316040036658626,0.613787220139324
650,5,0.58,0.316040036658626,0.613787220139324
650,5,0.6,0.316258063318638,0.614195056305709
650,5,0.62,0.316258063318638,0.614195056305709
650,5,0.64,0.316258063318638,0.614195056305709
650,5,0.66,0.316676065155,0.61437074864552
650,5,0.68,0.316676065155,0.61437074864552
650,5,0.7,0.316676065155,0.61437074864552
650,5,0.72,0.316676065155,0.61437074864552
650,5,0.74,0.316676065155,0.61437074864552
650,5,0.76,0.316676065155,0.61437074864552
650,5,0.78,0.316676065155,0.61437074864552
650,5,0.8,0.316676065155,0.61437074864552
650,5,0.82,0.316676065155,0.61437074864552
650,5,0.84,0.316676065155,0.61437074864552
650,5,0.86,0.295176461259537,0.595749329439586
650,5,0.88,0.29491736277464,0.597183191126833
650,5,0.9,0.29491736277464,0.597183191126833
650,5,0.92,0.288712055898068,0.593561144634895
650,5,0.94,0.271560834597393,0.593150245869012
650,5,0.96,0.271560834597393,0.593150245869012
650,5,0.98,0.271560834597393,0.593150245869012
650,5,1,0.271560834597393,0.593150245869012
700,5,0.2,0.364088403252483,0.545721583067654
700,5,0.22,0.364088403252483,0.545721583067654
700,5,0.24,0.364088403252483,0.545721583067654
700,5,0.26,0.364088403252483,0.545721583067654
700,5,0.28,0.364088403252483,0.545721583067654
700,5,0.3,0.364088403252483,0.545721583067654
700,5,0.32,0.336771407388468,0.581620555553662
700,5,0.34,0.331964313794036,0.620600439109272
700,5,0.36,0.331964313794036,0.620600439109272
700,5,0.38,0.331964313794036,0.620600439109272
700,5,0.4,0.331964313794036,0.620600439109272
700,5,0.42,0.331964313794036,0.620600439109272
700,5,0.44,0.331964313794036,0.620600439109272
700,5,0.46,0.331964313794036,0.620600439109272
700,5,0.48,0.331964313794036,0.620600439109272
700,5,0.5,0.331964313794036,0.620600439109272
700,5,0.52,0.331964313794036,0.620600439109272
700,5,0.54,0.331903129345761,0.622099110050288
700,5,0.56,0.33343411654331,0.625723682416541
700,5,0.58,0.33343411654331,0.625723682416541
700,5,0.6,0.33343411654331,0.625723682416541
700,5,0.62,0.33343411654331,0.625723682416541
700,5,0.64,0.33343411654331,0.625723682416541
700,5,0.66,0.33343411654331,0.625723682416541
700,5,0.68,0.33343411654331,0.625723682416541
700,5,0.7,0.33343411654331,0.625723682416541
700,5,0.72,0.33343411654331,0.625723682416541
700,5,0.74,0.33343411654331,0.625723682416541
700,5,0.76,0.33343411654331,0.625723682416541
700,5,0.78,0.33343411654331,0.625723682416541
700,5,0.8,0.33343411654331,0.625723682416541
700,5,0.82,0.33343411654331,0.625723682416541
700,5,0.84,0.33343411654331,0.625723682416541
700,5,0.86,0.33343411654331,0.625723682416541
700,5,0.88,0.33343411654331,0.625723682416541
700,5,0.9,0.33343411654331,0.625723682416541
700,5,0.92,0.33343411654331,0.625723682416541
700,5,0.94,0.33343411654331,0.625723682416541
700,5,0.96,0.305657196660044,0.604046106189512
700,5,0.98,0.305657196660044,0.604046106189512
700,5,1,0.305657196660044,0.604046106189512
750,5,0.2,0.395438744138571,0.55650398238484
750,5,0.22,0.395438744138571,0.55650398238484
750,5,0.24,0.395438744138571,0.55650398238484
750,5,0.26,0.395438744138571,0.55650398238484
750,5,0.28,0.395438744138571,0.55650398238484
750,5,0.3,0.395438744138571,0.55650398238484
750,5,0.32,0.395438744138571,0.55650398238484
750,5,0.34,0.395438744138571,0.55650398238484
750,5,0.36,0.395438744138571,0.55650398238484
750,5,0.38,0.395438744138571,0.55650398238484
750,5,0.4,0.311913696709806,0.613330901008093
750,5,0.42,0.310913912768137,0.614629704418479
750,5,0.44,0.312148811062787,0.614781544139496
750,5,0.46,0.312148811062787,0.614781544139496
750,5,0.48,0.312148811062787,0.614781544139496
750,5,0.5,0.310913912768137,0.614629704418479
750,5,0.52,0.312148811062787,0.614781544139496
750,5,0.54,0.312148811062787,0.614781544139496
750,5,0.56,0.312148811062787,0.614781544139496
750,5,0.58,0.312148811062787,0.614781544139496
750,5,0.6,0.312148811062787,0.614781544139496
750,5,0.62,0.312148811062787,0.614781544139496
750,5,0.64,0.312148811062787,0.614781544139496
750,5,0.66,0.312148811062787,0.614781544139496
750,5,0.68,0.312148811062787,0.614781544139496
750,5,0.7,0.312148811062787,0.614781544139496
750,5,0.72,0.312148811062787,0.614781544139496
750,5,0.74,0.312148811062787,0.614781544139496
750,5,0.76,0.312148811062787,0.614781544139496
750,5,0.78,0.312148811062787,0.614781544139496
750,5,0.8,0.312148811062787,0.614781544139496
750,5,0.82,0.312148811062787,0.614781544139496
750,5,0.84,0.312148811062787,0.614781544139496
750,5,0.86,0.312148811062787,0.614781544139496
750,5,0.88,0.312148811062787,0.614781544139496
750,5,0.9,0.312148811062787,0.614781544139496
750,5,0.92,0.312148811062787,0.614781544139496
750,5,0.94,0.292330366153266,0.596795856202703
750,5,0.96,0.292330366153266,0.596795856202703
750,5,0.98,0.292330366153266,0.596795856202703
750,5,1,0.292330366153266,0.596795856202703
800,5,0.2,0.392916246641694,0.558433401525067
800,5,0.22,0.379652271461194,0.558667666696928
800,5,0.24,0.379652271461194,0.558667666696928
800,5,0.26,0.379652271461194,0.558667666696928
800,5,0.28,0.379652271461194,0.558667666696928
800,5,0.3,0.379652271461194,0.558667666696928
800,5,0.32,0.379652271461194,0.558667666696928
800,5,0.34,0.379652271461194,0.558667666696928
800,5,0.36,0.379652271461194,0.558667666696928
800,5,0.38,0.379652271461194,0.558667666696928
800,5,0.4,0.379652271461194,0.558667666696928
800,5,0.42,0.392159949975148,0.558502159512046
800,5,0.44,0.392159949975148,0.558502159512046
800,5,0.46,0.338297653783627,0.580929614723233
800,5,0.48,0.324207104899616,0.61181440690778
800,5,0.5,0.324207104899616,0.61181440690778
800,5,0.52,0.324207104899616,0.61181440690778
800,5,0.54,0.324207104899616,0.61181440690778
800,5,0.56,0.320392737820053,0.611086554087775
800,5,0.58,0.324207104899616,0.61181440690778
800,5,0.6,0.324207104899616,0.61181440690778
800,5,0.62,0.324207104899616,0.61181440690778
800,5,0.64,0.324207104899616,0.61181440690778
800,5,0.66,0.324207104899616,0.61181440690778
800,5,0.68,0.324207104899616,0.61181440690778
800,5,0.7,0.324207104899616,0.61181440690778
800,5,0.72,0.324207104899616,0.61181440690778
800,5,0.74,0.324207104899616,0.61181440690778
800,5,0.76,0.324207104899616,0.61181440690778
800,5,0.78,0.324207104899616,0.61181440690778
800,5,0.8,0.324207104899616,0.61181440690778
800,5,0.82,0.323667397054088,0.613550326762239
800,5,0.84,0.295283660420651,0.594184963621128
800,5,0.86,0.295283660420651,0.594184963621128
800,5,0.88,0.295283660420651,0.594184963621128
800,5,0.9,0.295283660420651,0.594184963621128
800,5,0.92,0.295283660420651,0.594184963621128
800,5,0.94,0.295283660420651,0.594184963621128
800,5,0.96,0.295283660420651,0.594184963621128
800,5,0.98,0.295283660420651,0.594184963621128
800,5,1,0.295283660420651,0.594184963621128
850,5,0.2,0.385172699029714,0.554689149687072
850,5,0.22,0.385172699029714,0.554689149687072
850,5,0.24,0.385172699029714,0.554689149687072
850,5,0.26,0.380412472335679,0.554071001219334
850,5,0.28,0.380412472335679,0.554071001219334
850,5,0.3,0.390942833125998,0.561218223618526
850,5,0.32,0.390942833125998,0.561218223618526
850,5,0.34,0.38639170066086,0.560555447447442
850,5,0.36,0.38639170066086,0.560555447447442
850,5,0.38,0.38639170066086,0.560555447447442
850,5,0.4,0.38639170066086,0.560555447447442
850,5,0.42,0.38639170066086,0.560555447447442
850,5,0.44,0.329608859130506,0.575751836549779
850,5,0.46,0.329608859130506,0.575751836549779
850,5,0.48,0.329608859130506,0.575751836549779
850,5,0.5,0.317721902581348,0.613976987370228
850,5,0.52,0.317721902581348,0.613976987370228
850,5,0.54,0.319041867584427,0.613090693461299
850,5,0.56,0.319041867584427,0.613090693461299
850,5,0.58,0.319041867584427,0.613090693461299
850,5,0.6,0.319041867584427,0.613090693461299
850,5,0.62,0.319041867584427,0.613090693461299
850,5,0.64,0.319041867584427,0.613090693461299
850,5,0.66,0.277449038020871,0.605488471943103
850,5,0.68,0.298120938788277,0.60388817089692
850,5,0.7,0.298120938788277,0.60388817089692
850,5,0.72,0.294964686932351,0.604322144312148
850,5,0.74,0.294964686932351,0.604322144312148
850,5,0.76,0.294964686932351,0.604322144312148
850,5,0.78,0.294964686932351,0.604322144312148
850,5,0.8,0.294964686932351,0.604322144312148
850,5,0.82,0.294964686932351,0.604322144312148
850,5,0.84,0.294964686932351,0.604322144312148
850,5,0.86,0.294147332359711,0.604703622690838
850,5,0.88,0.294964686932351,0.604322144312148
850,5,0.9,0.294964686932351,0.604322144312148
850,5,0.92,0.290789701482106,0.603762576476859
850,5,0.94,0.297604132273764,0.60422677321263
850,5,0.96,0.297604132273764,0.60422677321263
850,5,0.98,0.297604132273764,0.60422677321263
850,5,1,0.293540183732575,0.601215637210167
900,5,0.2,0.371905903574514,0.555374831735573
900,5,0.22,0.371905903574514,0.555374831735573
900,5,0.24,0.371905903574514,0.555374831735573
900,5,0.26,0.371905903574514,0.555374831735573
900,5,0.28,0.371905903574514,0.555374831735573
900,5,0.3,0.371905903574514,0.555374831735573
900,5,0.32,0.371905903574514,0.555374831735573
900,5,0.34,0.371905903574514,0.555374831735573
900,5,0.36,0.371905903574514,0.555374831735573
900,5,0.38,0.371905903574514,0.555374831735573
900,5,0.4,0.334653474555718,0.582107499664569
900,5,0.42,0.336338957741406,0.583934563149952
900,5,0.44,0.336338957741406,0.583934563149952
900,5,0.46,0.336338957741406,0.583934563149952
900,5,0.48,0.336338957741406,0.583934563149952
900,5,0.5,0.336338957741406,0.583934563149952
900,5,0.52,0.316456683055871,0.603654429956479
900,5,0.54,0.316456683055871,0.603654429956479
900,5,0.56,0.316456683055871,0.603654429956479
900,5,0.58,0.3130087755078,0.600437741589355
900,5,0.6,0.311380257606044,0.602405669573612
900,5,0.62,0.311380257606044,0.602405669573612
900,5,0.64,0.311380257606044,0.602405669573612
900,5,0.66,0.311380257606044,0.602405669573612
900,5,0.68,0.311281332535016,0.599433749525959
900,5,0.7,0.293282980178314,0.59138610309034
900,5,0.72,0.293282980178314,0.59138610309034
900,5,0.74,0.297613902244172,0.592608793580558
900,5,0.76,0.296802644550783,0.594173881782323
900,5,0.78,0.293282980178314,0.59138610309034
900,5,0.8,0.293282980178314,0.59138610309034
900,5,0.82,0.292369411048133,0.592785324507717
900,5,0.84,0.292369411048133,0.592785324507717
900,5,0.86,0.292369411048133,0.592785324507717
900,5,0.88,0.292369411048133,0.592785324507717
900,5,0.9,0.292369411048133,0.592785324507717
900,5,0.92,0.292949614200726,0.593077550648237
900,5,0.94,0.292949614200726,0.593077550648237
900,5,0.96,0.292949614200726,0.593077550648237
900,5,0.98,0.292949614200726,0.593077550648237
900,5,1,0.292949614200726,0.593077550648237
950,5,0.2,0.366755573867142,0.547839910003011
950,5,0.22,0.366755573867142,0.547839910003011
950,5,0.24,0.366755573867142,0.547839910003011
950,5,0.26,0.366755573867142,0.547839910003011
950,5,0.28,0.366755573867142,0.547839910003011
950,5,0.3,0.366755573867142,0.547839910003011
950,5,0.32,0.366755573867142,0.547839910003011
950,5,0.34,0.366737563381265,0.549443995771042
950,5,0.36,0.366737563381265,0.549443995771042
950,5,0.38,0.366737563381265,0.549443995771042
950,5,0.4,0.30651211319408,0.567207171049827
950,5,0.42,0.280844093210734,0.598398525265255
950,5,0.44,0.280844093210734,0.598398525265255
950,5,0.46,0.280844093210734,0.598398525265255
950,5,0.48,0.280844093210734,0.598398525265255
950,5,0.5,0.280844093210734,0.598398525265255
950,5,0.52,0.280844093210734,0.598398525265255
950,5,0.54,0.280844093210734,0.598398525265255
950,5,0.56,0.280844093210734,0.598398525265255
950,5,0.58,0.280844093210734,0.598398525265255
950,5,0.6,0.280844093210734,0.598398525265255
950,5,0.62,0.280844093210734,0.598398525265255
950,5,0.64,0.280844093210734,0.598398525265255
950,5,0.66,0.280844093210734,0.598398525265255
950,5,0.68,0.280844093210734,0.598398525265255
950,5,0.7,0.280844093210734,0.598398525265255
950,5,0.72,0.280844093210734,0.598398525265255
950,5,0.74,0.280844093210734,0.598398525265255
950,5,0.76,0.280844093210734,0.598398525265255
950,5,0.78,0.280844093210734,0.598398525265255
950,5,0.8,0.280844093210734,0.598398525265255
950,5,0.82,0.280844093210734,0.598398525265255
950,5,0.84,0.280844093210734,0.598398525265255
950,5,0.86,0.280844093210734,0.598398525265255
950,5,0.88,0.280844093210734,0.598398525265255
950,5,0.9,0.280844093210734,0.598398525265255
950,5,0.92,0.297938371672794,0.588255691618598
950,5,0.94,0.297938371672794,0.588255691618598
950,5,0.96,0.297938371672794,0.588255691618598
950,5,0.98,0.297938371672794,0.588255691618598
950,5,1,0.297938371672794,0.588255691618598
1000,5,0.2,0.376224661039277,0.556982972054967
1000,5,0.22,0.376224661039277,0.556982972054967
1000,5,0.24,0.376224661039277,0.556982972054967
1000,5,0.26,0.376224661039277,0.556982972054967
1000,5,0.28,0.376224661039277,0.556982972054967
1000,5,0.3,0.376224661039277,0.556982972054967
1000,5,0.32,0.376224661039277,0.556982972054967
1000,5,0.34,0.376224661039277,0.556982972054967
1000,5,0.36,0.376224661039277,0.556982972054967
1000,5,0.38,0.376224661039277,0.556982972054967
1000,5,0.4,0.376224661039277,0.556982972054967
1000,5,0.42,0.384742654646349,0.557692377548422
1000,5,0.44,0.296541817898725,0.608384742683736
1000,5,0.46,0.296541817898725,0.608384742683736
1000,5,0.48,0.296541817898725,0.608384742683736
1000,5,0.5,0.296541817898725,0.608384742683736
1000,5,0.52,0.296541817898725,0.608384742683736
1000,5,0.54,0.296541817898725,0.608384742683736
1000,5,0.56,0.296541817898725,0.608384742683736
1000,5,0.58,0.296541817898725,0.608384742683736
1000,5,0.6,0.296541817898725,0.608384742683736
1000,5,0.62,0.290994754773491,0.602384592860413
1000,5,0.64,0.290994754773491,0.602384592860413
1000,5,0.66,0.290994754773491,0.602384592860413
1000,5,0.68,0.290994754773491,0.602384592860413
1000,5,0.7,0.290994754773491,0.602384592860413
1000,5,0.72,0.290994754773491,0.602384592860413
1000,5,0.74,0.290994754773491,0.602384592860413
1000,5,0.76,0.290994754773491,0.602384592860413
1000,5,0.78,0.290994754773491,0.602384592860413
1000,5,0.8,0.290994754773491,0.602384592860413
1000,5,0.82,0.290994754773491,0.602384592860413
1000,5,0.84,0.290994754773491,0.602384592860413
1000,5,0.86,0.290994754773491,0.602384592860413
1000,5,0.88,0.290994754773491,0.602384592860413
1000,5,0.9,0.294985363166667,0.604122692551236
1000,5,0.92,0.294985363166667,0.604122692551236
1000,5,0.94,0.294985363166667,0.604122692551236
1000,5,0.96,0.294985363166667,0.604122692551236
1000,5,0.98,0.294985363166667,0.604122692551236
1000,5,1,0.294985363166667,0.604122692551236
1050,5,0.2,0.369203540139391,0.559806188471981
1050,5,0.22,0.369203540139391,0.559806188471981
1050,5,0.24,0.369203540139391,0.559806188471981
1050,5,0.26,0.369203540139391,0.559806188471981
1050,5,0.28,0.369203540139391,0.559806188471981
1050,5,0.3,0.369203540139391,0.559806188471981
1050,5,0.32,0.369203540139391,0.559806188471981
1050,5,0.34,0.369203540139391,0.559806188471981
1050,5,0.36,0.369203540139391,0.559806188471981
1050,5,0.38,0.369203540139391,0.559806188471981
1050,5,0.4,0.369203540139391,0.559806188471981
1050,5,0.42,0.254109124204755,0.596469877896957
1050,5,0.44,0.254109124204755,0.596469877896957
1050,5,0.46,0.297415272229156,0.604366307985188
1050,5,0.48,0.263739710796037,0.604519818774566
1050,5,0.5,0.263739710796037,0.604519818774566
1050,5,0.52,0.263739710796037,0.604519818774566
1050,5,0.54,0.263739710796037,0.604519818774566
1050,5,0.56,0.263739710796037,0.604519818774566
1050,5,0.58,0.263739710796037,0.604519818774566
1050,5,0.6,0.263739710796037,0.604519818774566
1050,5,0.62,0.263739710796037,0.604519818774566
1050,5,0.64,0.263739710796037,0.604519818774566
1050,5,0.66,0.263739710796037,0.604519818774566
1050,5,0.68,0.263739710796037,0.604519818774566
1050,5,0.7,0.263739710796037,0.604519818774566
1050,5,0.72,0.263739710796037,0.604519818774566
1050,5,0.74,0.263739710796037,0.604519818774566
1050,5,0.76,0.263739710796037,0.604519818774566
1050,5,0.78,0.263739710796037,0.604519818774566
1050,5,0.8,0.263739710796037,0.604519818774566
1050,5,0.82,0.289162812647133,0.594427533376554
1050,5,0.84,0.289162812647133,0.594427533376554
1050,5,0.86,0.289162812647133,0.594427533376554
1050,5,0.88,0.252153729680669,0.588238540091017
1050,5,0.9,0.289162812647133,0.594427533376554
1050,5,0.92,0.252153729680669,0.588238540091017
1050,5,0.94,0.2536237471003,0.588220014291783
1050,5,0.96,0.2536237471003,0.588220014291783
1050,5,0.98,0.2536237471003,0.588220014291783
1050,5,1,0.2536237471003,0.588220014291783
1100,5,0.2,0.374130597036232,0.546621931393943
1100,5,0.22,0.374130597036232,0.546621931393943
1100,5,0.24,0.374130597036232,0.546621931393943
1100,5,0.26,0.374130597036232,0.546621931393943
1100,5,0.28,0.380196933884145,0.551735499271219
1100,5,0.3,0.380196933884145,0.551735499271219
1100,5,0.32,0.379582713520863,0.551435674865403
1100,5,0.34,0.379582713520863,0.551435674865403
1100,5,0.36,0.379582713520863,0.551435674865403
1100,5,0.38,0.379582713520863,0.551435674865403
1100,5,0.4,0.379582713520863,0.551435674865403
1100,5,0.42,0.268773891238254,0.588128406355491
1100,5,0.44,0.268773891238254,0.588128406355491
1100,5,0.46,0.269491212213621,0.58900670881085
1100,5,0.48,0.275599257589991,0.592059679525813
1100,5,0.5,0.275599257589991,0.592059679525813
1100,5,0.52,0.275599257589991,0.592059679525813
1100,5,0.54,0.272592646639066,0.592225617806174
1100,5,0.56,0.272592646639066,0.592225617806174
1100,5,0.58,0.272592646639066,0.592225617806174
1100,5,0.6,0.272592646639066,0.592225617806174
1100,5,0.62,0.272592646639066,0.592225617806174
1100,5,0.64,0.272592646639066,0.592225617806174
1100,5,0.66,0.302067457215624,0.604244287860794
1100,5,0.68,0.276518555097322,0.593043587141722
1100,5,0.7,0.276518555097322,0.593043587141722
1100,5,0.72,0.276518555097322,0.593043587141722
1100,5,0.74,0.277465877303352,0.593907290296379
1100,5,0.76,0.296304570412111,0.593759106802232
1100,5,0.78,0.296304570412111,0.593759106802232
1100,5,0.8,0.296304570412111,0.593759106802232
1100,5,0.82,0.296304570412111,0.593759106802232
1100,5,0.84,0.296304570412111,0.593759106802232
1100,5,0.86,0.296304570412111,0.593759106802232
1100,5,0.88,0.296304570412111,0.593759106802232
1100,5,0.9,0.296304570412111,0.593759106802232
1100,5,0.92,0.296304570412111,0.593759106802232
1100,5,0.94,0.296304570412111,0.593759106802232
1100,5,0.96,0.296304570412111,0.593759106802232
1100,5,0.98,0.296304570412111,0.593759106802232
1100,5,1,0.296304570412111,0.593759106802232
1150,5,0.2,0.356506074124206,0.536056243630133
1150,5,0.22,0.356506074124206,0.536056243630133
1150,5,0.24,0.356506074124206,0.536056243630133
1150,5,0.26,0.356506074124206,0.536056243630133
1150,5,0.28,0.356506074124206,0.536056243630133
1150,5,0.3,0.356506074124206,0.536056243630133
1150,5,0.32,0.356506074124206,0.536056243630133
1150,5,0.34,0.356506074124206,0.536056243630133
1150,5,0.36,0.356506074124206,0.536056243630133
1150,5,0.38,0.356506074124206,0.536056243630133
1150,5,0.4,0.356506074124206,0.536056243630133
1150,5,0.42,0.356506074124206,0.536056243630133
1150,5,0.44,0.298118589495237,0.601917031121237
1150,5,0.46,0.261127947187021,0.590797888715991
1150,5,0.48,0.261127947187021,0.590797888715991
1150,5,0.5,0.261127947187021,0.590797888715991
1150,5,0.52,0.290491186155192,0.595103151601266
1150,5,0.54,0.261127947187021,0.590797888715991
1150,5,0.56,0.295735492646214,0.601395089808291
1150,5,0.58,0.295735492646214,0.601395089808291
1150,5,0.6,0.298118589495237,0.601917031121237
1150,5,0.62,0.298118589495237,0.601917031121237
1150,5,0.64,0.298118589495237,0.601917031121237
1150,5,0.66,0.298118589495237,0.601917031121237
1150,5,0.68,0.298118589495237,0.601917031121237
1150,5,0.7,0.294743980903456,0.602265435025799
1150,5,0.72,0.294743980903456,0.602265435025799
1150,5,0.74,0.294743980903456,0.602265435025799
1150,5,0.76,0.294743980903456,0.602265435025799
1150,5,0.78,0.290493352416902,0.596095004707653
1150,5,0.8,0.295490345174164,0.601060049942486
1150,5,0.82,0.294743980903456,0.602265435025799
1150,5,0.84,0.294743980903456,0.602265435025799
1150,5,0.86,0.276141189771773,0.58986779551499
1150,5,0.88,0.274525032491891,0.587584892129771
1150,5,0.9,0.274525032491891,0.587584892129771
1150,5,0.92,0.274525032491891,0.587584892129771
1150,5,0.94,0.272199758180415,0.581969861995327
1150,5,0.96,0.274525032491891,0.587584892129771
1150,5,0.98,0.272199758180415,0.581969861995327
1150,5,1,0.270885714308452,0.570192217554455
1200,5,0.2,0.373489974231392,0.559054158827951
1200,5,0.22,0.373489974231392,0.559054158827951
1200,5,0.24,0.373489974231392,0.559054158827951
1200,5,0.26,0.373489974231392,0.559054158827951
1200,5,0.28,0.373489974231392,0.559054158827951
1200,5,0.3,0.37110089076016,0.55939051200153
1200,5,0.32,0.37110089076016,0.55939051200153
1200,5,0.34,0.37110089076016,0.55939051200153
1200,5,0.36,0.37110089076016,0.55939051200153
1200,5,0.38,0.37110089076016,0.55939051200153
1200,5,0.4,0.37110089076016,0.55939051200153
1200,5,0.42,0.37110089076016,0.55939051200153
1200,5,0.44,0.311218619690057,0.571580047683506
1200,5,0.46,0.311203245972856,0.572984638674341
1200,5,0.48,0.294289526612521,0.610138797812936
1200,5,0.5,0.296622139821074,0.61044893814358
1200,5,0.52,0.294289526612521,0.610138797812936
1200,5,0.54,0.296400891035181,0.609874012717049
1200,5,0.56,0.296400891035181,0.609874012717049
1200,5,0.58,0.296400891035181,0.609874012717049
1200,5,0.6,0.299318751063195,0.61074530338838
1200,5,0.62,0.299318751063195,0.61074530338838
1200,5,0.64,0.299318751063195,0.61074530338838
1200,5,0.66,0.299318751063195,0.61074530338838
1200,5,0.68,0.293475828576767,0.599988898372262
1200,5,0.7,0.293475828576767,0.599988898372262
1200,5,0.72,0.293475828576767,0.599988898372262
1200,5,0.74,0.293475828576767,0.599988898372262
1200,5,0.76,0.293475828576767,0.599988898372262
1200,5,0.78,0.293475828576767,0.599988898372262
1200,5,0.8,0.293475828576767,0.599988898372262
1200,5,0.82,0.293475828576767,0.599988898372262
1200,5,0.84,0.293475828576767,0.599988898372262
1200,5,0.86,0.293475828576767,0.599988898372262
1200,5,0.88,0.293475828576767,0.599988898372262
1200,5,0.9,0.293475828576767,0.599988898372262
1200,5,0.92,0.293475828576767,0.599988898372262
1200,5,0.94,0.293475828576767,0.599988898372262
1200,5,0.96,0.293475828576767,0.599988898372262
1200,5,0.98,0.293475828576767,0.599988898372262
1200,5,1,0.293475828576767,0.599988898372262
1250,5,0.2,0.374984791878634,0.545557589314981
1250,5,0.22,0.374984791878634,0.545557589314981
1250,5,0.24,0.367608000291615,0.535463924197276
1250,5,0.26,0.367608000291615,0.535463924197276
1250,5,0.28,0.374984791878634,0.545557589314981
1250,5,0.3,0.374984791878634,0.545557589314981
1250,5,0.32,0.374984791878634,0.545557589314981
1250,5,0.34,0.354558917722924,0.559883378568514
1250,5,0.36,0.354558917722924,0.559883378568514
1250,5,0.38,0.354558917722924,0.559883378568514
1250,5,0.4,0.301814519806504,0.602769748143845
1250,5,0.42,0.302039318630732,0.599597806231596
1250,5,0.44,0.301814519806504,0.602769748143845
1250,5,0.46,0.301814519806504,0.602769748143845
1250,5,0.48,0.301814519806504,0.602769748143845
1250,5,0.5,0.301814519806504,0.602769748143845
1250,5,0.52,0.301814519806504,0.602769748143845
1250,5,0.54,0.301814519806504,0.602769748143845
1250,5,0.56,0.301814519806504,0.602769748143845
1250,5,0.58,0.301814519806504,0.602769748143845
1250,5,0.6,0.301814519806504,0.602769748143845
1250,5,0.62,0.301814519806504,0.602769748143845
1250,5,0.64,0.301814519806504,0.602769748143845
1250,5,0.66,0.301814519806504,0.602769748143845
1250,5,0.68,0.301814519806504,0.602769748143845
1250,5,0.7,0.301814519806504,0.602769748143845
1250,5,0.72,0.301814519806504,0.602769748143845
1250,5,0.74,0.299082754061733,0.601723718245547
1250,5,0.76,0.299082754061733,0.601723718245547
1250,5,0.78,0.299082754061733,0.601723718245547
1250,5,0.8,0.299082754061733,0.601723718245547
1250,5,0.82,0.288650415968633,0.587308197099163
1250,5,0.84,0.288650415968633,0.587308197099163
1250,5,0.86,0.288650415968633,0.587308197099163
1250,5,0.88,0.288650415968633,0.587308197099163
1250,5,0.9,0.288650415968633,0.587308197099163
1250,5,0.92,0.288043868325883,0.587781772374266
1250,5,0.94,0.288043868325883,0.587781772374266
1250,5,0.96,0.288043868325883,0.587781772374266
1250,5,0.98,0.288043868325883,0.587781772374266
1250,5,1,0.288043868325883,0.587781772374266
1300,5,0.2,0.3646937542952,0.567383541189603
1300,5,0.22,0.3646937542952,0.567383541189603
1300,5,0.24,0.3646937542952,0.567383541189603
1300,5,0.26,0.3646937542952,0.567383541189603
1300,5,0.28,0.3646937542952,0.567383541189603
1300,5,0.3,0.3646937542952,0.567383541189603
1300,5,0.32,0.3646937542952,0.567383541189603
1300,5,0.34,0.3646937542952,0.567383541189603
1300,5,0.36,0.3646937542952,0.567383541189603
1300,5,0.38,0.3646937542952,0.567383541189603
1300,5,0.4,0.3646937542952,0.567383541189603
1300,5,0.42,0.3646937542952,0.567383541189603
1300,5,0.44,0.26133471435743,0.602781357551291
1300,5,0.46,0.26133471435743,0.602781357551291
1300,5,0.48,0.26133471435743,0.602781357551291
1300,5,0.5,0.26133471435743,0.602781357551291
1300,5,0.52,0.26133471435743,0.602781357551291
1300,5,0.54,0.26133471435743,0.602781357551291
1300,5,0.56,0.26133471435743,0.602781357551291
1300,5,0.58,0.26133471435743,0.602781357551291
1300,5,0.6,0.26133471435743,0.602781357551291
1300,5,0.62,0.26860297818021,0.607917832260035
1300,5,0.64,0.270200166003471,0.607639177747658
1300,5,0.66,0.270200166003471,0.607639177747658
1300,5,0.68,0.270200166003471,0.607639177747658
1300,5,0.7,0.270200166003471,0.607639177747658
1300,5,0.72,0.269454140949824,0.607924407795258
1300,5,0.74,0.269454140949824,0.607924407795258
1300,5,0.76,0.269454140949824,0.607924407795258
1300,5,0.78,0.269454140949824,0.607924407795258
1300,5,0.8,0.269454140949824,0.607924407795258
1300,5,0.82,0.284312706603902,0.599330288220465
1300,5,0.84,0.284312706603902,0.599330288220465
1300,5,0.86,0.284312706603902,0.599330288220465
1300,5,0.88,0.284312706603902,0.599330288220465
1300,5,0.9,0.284312706603902,0.599330288220465
1300,5,0.92,0.284312706603902,0.599330288220465
1300,5,0.94,0.284312706603902,0.599330288220465
1300,5,0.96,0.284312706603902,0.599330288220465
1300,5,0.98,0.284312706603902,0.599330288220465
1300,5,1,0.284312706603902,0.599330288220465
1350,5,0.2,0.36805895430147,0.546025026319728
1350,5,0.22,0.36805895430147,0.546025026319728
1350,5,0.24,0.36805895430147,0.546025026319728
1350,5,0.26,0.36805895430147,0.546025026319728
1350,5,0.28,0.36805895430147,0.546025026319728
1350,5,0.3,0.36805895430147,0.546025026319728
1350,5,0.32,0.36805895430147,0.546025026319728
1350,5,0.34,0.36805895430147,0.546025026319728
1350,5,0.36,0.36805895430147,0.546025026319728
1350,5,0.38,0.36805895430147,0.546025026319728
1350,5,0.4,0.315183275450523,0.555831763655228
1350,5,0.42,0.315183275450523,0.555831763655228
1350,5,0.44,0.276092655412567,0.605379481149021
1350,5,0.46,0.276092655412567,0.605379481149021
1350,5,0.48,0.276092655412567,0.605379481149021
1350,5,0.5,0.276092655412567,0.605379481149021
1350,5,0.52,0.276092655412567,0.605379481149021
1350,5,0.54,0.276092655412567,0.605379481149021
1350,5,0.56,0.276092655412567,0.605379481149021
1350,5,0.58,0.276092655412567,0.605379481149021
1350,5,0.6,0.276092655412567,0.605379481149021
1350,5,0.62,0.276092655412567,0.605379481149021
1350,5,0.64,0.276092655412567,0.605379481149021
1350,5,0.66,0.276092655412567,0.605379481149021
1350,5,0.68,0.276092655412567,0.605379481149021
1350,5,0.7,0.276092655412567,0.605379481149021
1350,5,0.72,0.276092655412567,0.605379481149021
1350,5,0.74,0.276092655412567,0.605379481149021
1350,5,0.76,0.276092655412567,0.605379481149021
1350,5,0.78,0.276092655412567,0.605379481149021
1350,5,0.8,0.285589378701232,0.597539618532878
1350,5,0.82,0.288159770318043,0.598687285483465
1350,5,0.84,0.285589378701232,0.597539618532878
1350,5,0.86,0.285589378701232,0.597539618532878
1350,5,0.88,0.285589378701232,0.597539618532878
1350,5,0.9,0.285589378701232,0.597539618532878
1350,5,0.92,0.285589378701232,0.597539618532878
1350,5,0.94,0.285589378701232,0.597539618532878
1350,5,0.96,0.285589378701232,0.597539618532878
1350,5,0.98,0.285589378701232,0.597539618532878
1350,5,1,0.285589378701232,0.597539618532878
1400,5,0.2,0.36480207330822,0.550678006612169
1400,5,0.22,0.36480207330822,0.550678006612169
1400,5,0.24,0.352820018059196,0.565891106205592
1400,5,0.26,0.352820018059196,0.565891106205592
1400,5,0.28,0.352820018059196,0.565891106205592
1400,5,0.3,0.359468274670027,0.567699854241986
1400,5,0.32,0.358285287191612,0.567084493078366
1400,5,0.34,0.352820018059196,0.565891106205592
1400,5,0.36,0.352820018059196,0.565891106205592
1400,5,0.38,0.358285287191612,0.567084493078366
1400,5,0.4,0.250117051169472,0.592435684688311
1400,5,0.42,0.250117051169472,0.592435684688311
1400,5,0.44,0.292662305706935,0.605475017290109
1400,5,0.46,0.292662305706935,0.605475017290109
1400,5,0.48,0.292662305706935,0.605475017290109
1400,5,0.5,0.292662305706935,0.605475017290109
1400,5,0.52,0.29489779371257,0.604146314351749
1400,5,0.54,0.29489779371257,0.604146314351749
1400,5,0.56,0.29489779371257,0.604146314351749
1400,5,0.58,0.29489779371257,0.604146314351749
1400,5,0.6,0.29489779371257,0.604146314351749
1400,5,0.62,0.292662305706935,0.605475017290109
1400,5,0.64,0.29489779371257,0.604146314351749
1400,5,0.66,0.29489779371257,0.604146314351749
1400,5,0.68,0.292662305706935,0.605475017290109
1400,5,0.7,0.29489779371257,0.604146314351749
1400,5,0.72,0.292662305706935,0.605475017290109
1400,5,0.74,0.29489779371257,0.604146314351749
1400,5,0.76,0.29489779371257,0.604146314351749
1400,5,0.78,0.29489779371257,0.604146314351749
1400,5,0.8,0.29489779371257,0.604146314351749
1400,5,0.82,0.29489779371257,0.604146314351749
1400,5,0.84,0.280596150069543,0.590299902029372
1400,5,0.86,0.280596150069543,0.590299902029372
1400,5,0.88,0.280596150069543,0.590299902029372
1400,5,0.9,0.280596150069543,0.590299902029372
1400,5,0.92,0.280596150069543,0.590299902029372
1400,5,0.94,0.280596150069543,0.590299902029372
1400,5,0.96,0.280596150069543,0.590299902029372
1400,5,0.98,0.280596150069543,0.590299902029372
1400,5,1,0.280596150069543,0.590299902029372
1450,5,0.2,0.356838033613769,0.548967286840963
1450,5,0.22,0.356838033613769,0.548967286840963
1450,5,0.24,0.356838033613769,0.548967286840963
1450,5,0.26,0.356838033613769,0.548967286840963
1450,5,0.28,0.357141462023549,0.550714909969226
1450,5,0.3,0.357141462023549,0.550714909969226
1450,5,0.32,0.357141462023549,0.550714909969226
1450,5,0.34,0.357141462023549,0.550714909969226
1450,5,0.36,0.357141462023549,0.550714909969226
1450,5,0.38,0.245475718990147,0.590292896735142
1450,5,0.4,0.245475718990147,0.590292896735142
1450,5,0.42,0.245475718990147,0.590292896735142
1450,5,0.44,0.245475718990147,0.590292896735142
1450,5,0.46,0.245475718990147,0.590292896735142
1450,5,0.48,0.28634408050003,0.602458920319991
1450,5,0.5,0.28634408050003,0.602458920319991
1450,5,0.52,0.28634408050003,0.602458920319991
1450,5,0.54,0.28634408050003,0.602458920319991
1450,5,0.56,0.28634408050003,0.602458920319991
1450,5,0.58,0.28634408050003,0.602458920319991
1450,5,0.6,0.28634408050003,0.602458920319991
1450,5,0.62,0.28634408050003,0.602458920319991
1450,5,0.64,0.28634408050003,0.602458920319991
1450,5,0.66,0.28634408050003,0.602458920319991
1450,5,0.68,0.287221702330168,0.602064564100674
1450,5,0.7,0.287221702330168,0.602064564100674
1450,5,0.72,0.287221702330168,0.602064564100674
1450,5,0.74,0.287221702330168,0.602064564100674
1450,5,0.76,0.287221702330168,0.602064564100674
1450,5,0.78,0.287221702330168,0.602064564100674
1450,5,0.8,0.287221702330168,0.602064564100674
1450,5,0.82,0.287221702330168,0.602064564100674
1450,5,0.84,0.287221702330168,0.602064564100674
1450,5,0.86,0.287221702330168,0.602064564100674
1450,5,0.88,0.287221702330168,0.602064564100674
1450,5,0.9,0.287221702330168,0.602064564100674
1450,5,0.92,0.287221702330168,0.602064564100674
1450,5,0.94,0.285448518292341,0.600222659911979
1450,5,0.96,0.285688274115283,0.589022969261232
1450,5,0.98,0.286115177027677,0.578036488768208
1450,5,1,0.281173712605423,0.572569974787007
1500,5,0.2,0.356537587799416,0.545941699491024
1500,5,0.22,0.356537587799416,0.545941699491024
1500,5,0.24,0.356537587799416,0.545941699491024
1500,5,0.26,0.356537587799416,0.545941699491024
1500,5,0.28,0.356537587799416,0.545941699491024
1500,5,0.3,0.356537587799416,0.545941699491024
1500,5,0.32,0.356537587799416,0.545941699491024
1500,5,0.34,0.356537587799416,0.545941699491024
1500,5,0.36,0.314822700194762,0.583452429918013
1500,5,0.38,0.314822700194762,0.583452429918013
1500,5,0.4,0.314822700194762,0.583452429918013
1500,5,0.42,0.314822700194762,0.583452429918013
1500,5,0.44,0.314822700194762,0.583452429918013
1500,5,0.46,0.314822700194762,0.583452429918013
1500,5,0.48,0.285688963842888,0.596928580890569
1500,5,0.5,0.285688963842888,0.596928580890569
1500,5,0.52,0.285688963842888,0.596928580890569
1500,5,0.54,0.289356142431053,0.601694925672158
1500,5,0.56,0.285688963842888,0.596928580890569
1500,5,0.58,0.287663196168836,0.599434774773907
1500,5,0.6,0.287663196168836,0.599434774773907
1500,5,0.62,0.287663196168836,0.599434774773907
1500,5,0.64,0.289356142431053,0.601694925672158
1500,5,0.66,0.285688963842888,0.596928580890569
1500,5,0.68,0.285688963842888,0.596928580890569
1500,5,0.7,0.285688963842888,0.596928580890569
1500,5,0.72,0.285688963842888,0.596928580890569
1500,5,0.74,0.289356142431053,0.601694925672158
1500,5,0.76,0.289356142431053,0.601694925672158
1500,5,0.78,0.291079724374039,0.602583260737542
1500,5,0.8,0.278570355240165,0.586476761308664
1500,5,0.82,0.278944412513641,0.587239929789493
1500,5,0.84,0.278893390242024,0.583213433761968
1500,5,0.86,0.278944412513641,0.587239929789493
1500,5,0.88,0.278944412513641,0.587239929789493
1500,5,0.9,0.278944412513641,0.587239929789493
1500,5,0.92,0.280409315589649,0.587285668987331
1500,5,0.94,0.280409315589649,0.587285668987331
1500,5,0.96,0.280409315589649,0.587285668987331
1500,5,0.98,0.280409315589649,0.587285668987331
1500,5,1,0.280409315589649,0.587285668987331
1550,5,0.2,0.360909384430391,0.551072125547938
1550,5,0.22,0.360909384430391,0.551072125547938
1550,5,0.24,0.360909384430391,0.551072125547938
1550,5,0.26,0.360909384430391,0.551072125547938
1550,5,0.28,0.360909384430391,0.551072125547938
1550,5,0.3,0.361445198898091,0.551707766699654
1550,5,0.32,0.361445198898091,0.551707766699654
1550,5,0.34,0.361445198898091,0.551707766699654
1550,5,0.36,0.361445198898091,0.551707766699654
1550,5,0.38,0.361445198898091,0.551707766699654
1550,5,0.4,0.30908509031153,0.566914660758239
1550,5,0.42,0.298126590478022,0.61132229686363
1550,5,0.44,0.301281660816661,0.611295224050623
1550,5,0.46,0.301281660816661,0.611295224050623
1550,5,0.48,0.301211254600134,0.611004755327731
1550,5,0.5,0.301211254600134,0.611004755327731
1550,5,0.52,0.298041738299854,0.611059649018315
1550,5,0.54,0.301211254600134,0.611004755327731
1550,5,0.56,0.301211254600134,0.611004755327731
1550,5,0.58,0.300777804271082,0.611942952975865
1550,5,0.6,0.297626546741855,0.612018614363797
1550,5,0.62,0.300777804271082,0.611942952975865
1550,5,0.64,0.300777804271082,0.611942952975865
1550,5,0.66,0.300777804271082,0.611942952975865
1550,5,0.68,0.300777804271082,0.611942952975865
1550,5,0.7,0.300777804271082,0.611942952975865
1550,5,0.72,0.300777804271082,0.611942952975865
1550,5,0.74,0.297626546741855,0.612018614363797
1550,5,0.76,0.286291462671676,0.598983256759425
1550,5,0.78,0.286291462671676,0.598983256759425
1550,5,0.8,0.286291462671676,0.598983256759425
1550,5,0.82,0.286291462671676,0.598983256759425
1550,5,0.84,0.286291462671676,0.598983256759425
1550,5,0.86,0.282941824726247,0.598777420262284
1550,5,0.88,0.286291462671676,0.598983256759425
1550,5,0.9,0.286291462671676,0.598983256759425
1550,5,0.92,0.286291462671676,0.598983256759425
1550,5,0.94,0.286291462671676,0.598983256759425
1550,5,0.96,0.286291462671676,0.598983256759425
1550,5,0.98,0.286291462671676,0.598983256759425
1550,5,1,0.282941824726247,0.598777420262284
1600,5,0.2,0.357319196589472,0.547491982801544
1600,5,0.22,0.357319196589472,0.547491982801544
1600,5,0.24,0.357319196589472,0.547491982801544
1600,5,0.26,0.357319196589472,0.547491982801544
1600,5,0.28,0.357319196589472,0.547491982801544
1600,5,0.3,0.357319196589472,0.547491982801544
1600,5,0.32,0.357319196589472,0.547491982801544
1600,5,0.34,0.357319196589472,0.547491982801544
1600,5,0.36,0.357319196589472,0.547491982801544
1600,5,0.38,0.357319196589472,0.547491982801544
1600,5,0.4,0.297113574866811,0.561647288266324
1600,5,0.42,0.297113574866811,0.561647288266324
1600,5,0.44,0.296025821420673,0.608675008742511
1600,5,0.46,0.296025821420673,0.608675008742511
1600,5,0.48,0.296025821420673,0.608675008742511
1600,5,0.5,0.296025821420673,0.608675008742511
1600,5,0.52,0.296025821420673,0.608675008742511
1600,5,0.54,0.296025821420673,0.608675008742511
1600,5,0.56,0.272979438089457,0.601055970548914
1600,5,0.58,0.272979438089457,0.601055970548914
1600,5,0.6,0.272979438089457,0.601055970548914
1600,5,0.62,0.272979438089457,0.601055970548914
1600,5,0.64,0.272979438089457,0.601055970548914
1600,5,0.66,0.272979438089457,0.601055970548914
1600,5,0.68,0.272979438089457,0.601055970548914
1600,5,0.7,0.272979438089457,0.601055970548914
1600,5,0.72,0.284697064085283,0.597532542300811
1600,5,0.74,0.284697064085283,0.597532542300811
1600,5,0.76,0.284697064085283,0.597532542300811
1600,5,0.78,0.284697064085283,0.597532542300811
1600,5,0.8,0.284697064085283,0.597532542300811
1600,5,0.82,0.284697064085283,0.597532542300811
1600,5,0.84,0.284697064085283,0.597532542300811
1600,5,0.86,0.284697064085283,0.597532542300811
1600,5,0.88,0.284697064085283,0.597532542300811
1600,5,0.9,0.284697064085283,0.597532542300811
1600,5,0.92,0.284697064085283,0.597532542300811
1600,5,0.94,0.286258285526928,0.597200928965859
1600,5,0.96,0.286258285526928,0.597200928965859
1600,5,0.98,0.286258285526928,0.597200928965859
1600,5,1,0.286258285526928,0.597200928965859
1650,5,0.2,0.363264081686525,0.551130976772459
1650,5,0.22,0.363264081686525,0.551130976772459
1650,5,0.24,0.363264081686525,0.551130976772459
1650,5,0.26,0.363264081686525,0.551130976772459
1650,5,0.28,0.363264081686525,0.551130976772459
1650,5,0.3,0.363264081686525,0.551130976772459
1650,5,0.32,0.363264081686525,0.551130976772459
1650,5,0.34,0.363264081686525,0.551130976772459
1650,5,0.36,0.363264081686525,0.551130976772459
1650,5,0.38,0.363264081686525,0.551130976772459
1650,5,0.4,0.363264081686525,0.551130976772459
1650,5,0.42,0.363264081686525,0.551130976772459
1650,5,0.44,0.363264081686525,0.551130976772459
1650,5,0.46,0.297255625145546,0.561808971843266
1650,5,0.48,0.284299094510024,0.601319903522437
1650,5,0.5,0.284299094510024,0.601319903522437
1650,5,0.52,0.284299094510024,0.601319903522437
1650,5,0.54,0.284299094510024,0.601319903522437
1650,5,0.56,0.284866482651933,0.60257479909514
1650,5,0.58,0.284866482651933,0.60257479909514
1650,5,0.6,0.254409788347421,0.590941023869176
1650,5,0.62,0.254409788347421,0.590941023869176
1650,5,0.64,0.254409788347421,0.590941023869176
1650,5,0.66,0.282122035213653,0.590598230710727
1650,5,0.68,0.282122035213653,0.590598230710727
1650,5,0.7,0.282122035213653,0.590598230710727
1650,5,0.72,0.282122035213653,0.590598230710727
1650,5,0.74,0.282122035213653,0.590598230710727
1650,5,0.76,0.282122035213653,0.590598230710727
1650,5,0.78,0.282122035213653,0.590598230710727
1650,5,0.8,0.282122035213653,0.590598230710727
1650,5,0.82,0.282122035213653,0.590598230710727
1650,5,0.84,0.282122035213653,0.590598230710727
1650,5,0.86,0.279402288658524,0.587781538764573
1650,5,0.88,0.279402288658524,0.587781538764573
1650,5,0.9,0.279402288658524,0.587781538764573
1650,5,0.92,0.279402288658524,0.587781538764573
1650,5,0.94,0.279525212983918,0.587780071232276
1650,5,0.96,0.279525212983918,0.587780071232276
1650,5,0.98,0.279525212983918,0.587780071232276
1650,5,1,0.279525212983918,0.587780071232276
1700,5,0.2,0.366465368393145,0.553463085021889
1700,5,0.22,0.366465368393145,0.553463085021889
1700,5,0.24,0.366465368393145,0.553463085021889
1700,5,0.26,0.366465368393145,0.553463085021889
1700,5,0.28,0.366465368393145,0.553463085021889
1700,5,0.3,0.366465368393145,0.553463085021889
1700,5,0.32,0.366465368393145,0.553463085021889
1700,5,0.34,0.366465368393145,0.553463085021889
1700,5,0.36,0.366465368393145,0.553463085021889
1700,5,0.38,0.366465368393145,0.553463085021889
1700,5,0.4,0.367132000552234,0.554428343686416
1700,5,0.42,0.237061551450971,0.577101972794917
1700,5,0.44,0.237061551450971,0.577101972794917
1700,5,0.46,0.246763105928202,0.583502207280877
1700,5,0.48,0.246763105928202,0.583502207280877
1700,5,0.5,0.246763105928202,0.583502207280877
1700,5,0.52,0.246763105928202,0.583502207280877
1700,5,0.54,0.246763105928202,0.583502207280877
1700,5,0.56,0.246763105928202,0.583502207280877
1700,5,0.58,0.246763105928202,0.583502207280877
1700,5,0.6,0.246763105928202,0.583502207280877
1700,5,0.62,0.246763105928202,0.583502207280877
1700,5,0.64,0.252332680083931,0.588035982665912
1700,5,0.66,0.247992588034474,0.585630499652134
1700,5,0.68,0.247992588034474,0.585630499652134
1700,5,0.7,0.247992588034474,0.585630499652134
1700,5,0.72,0.247992588034474,0.585630499652134
1700,5,0.74,0.253422996546079,0.59016427503717
1700,5,0.76,0.253422996546079,0.59016427503717
1700,5,0.78,0.280600293492863,0.592925498073026
1700,5,0.8,0.276776069633257,0.580280876652462
1700,5,0.82,0.276776069633257,0.580280876652462
1700,5,0.84,0.276776069633257,0.580280876652462
1700,5,0.86,0.27458406830432,0.582956416018352
1700,5,0.88,0.27458406830432,0.582956416018352
1700,5,0.9,0.27458406830432,0.582956416018352
1700,5,0.92,0.273591324527957,0.582697993492252
1700,5,0.94,0.279115065370299,0.581435151904863
1700,5,0.96,0.278630541286615,0.583946692822684
1700,5,0.98,0.273591324527957,0.582697993492252
1700,5,1,0.273591324527957,0.582697993492252
1750,5,0.2,0.360281367321439,0.551234085551182
1750,5,0.22,0.360281367321439,0.551234085551182
1750,5,0.24,0.360281367321439,0.551234085551182
1750,5,0.26,0.360281367321439,0.551234085551182
1750,5,0.28,0.360281367321439,0.551234085551182
1750,5,0.3,0.360281367321439,0.551234085551182
1750,5,0.32,0.360281367321439,0.551234085551182
1750,5,0.34,0.360281367321439,0.551234085551182
1750,5,0.36,0.360281367321439,0.551234085551182
1750,5,0.38,0.301011190373308,0.567685347627153
1750,5,0.4,0.301011190373308,0.567685347627153
1750,5,0.42,0.301768887611834,0.578101580304566
1750,5,0.44,0.301768887611834,0.578101580304566
1750,5,0.46,0.301768887611834,0.578101580304566
1750,5,0.48,0.301768887611834,0.578101580304566
1750,5,0.5,0.279646367226302,0.591679726598343
1750,5,0.52,0.279646367226302,0.591679726598343
1750,5,0.54,0.279646367226302,0.591679726598343
1750,5,0.56,0.279646367226302,0.591679726598343
1750,5,0.58,0.279646367226302,0.591679726598343
1750,5,0.6,0.279646367226302,0.591679726598343
1750,5,0.62,0.279646367226302,0.591679726598343
1750,5,0.64,0.279646367226302,0.591679726598343
1750,5,0.66,0.279646367226302,0.591679726598343
1750,5,0.68,0.279646367226302,0.591679726598343
1750,5,0.7,0.298130690988695,0.592917709247227
1750,5,0.72,0.298130690988695,0.592917709247227
1750,5,0.74,0.298130690988695,0.592917709247227
1750,5,0.76,0.298130690988695,0.592917709247227
1750,5,0.78,0.298130690988695,0.592917709247227
1750,5,0.8,0.285052777808559,0.579369659164716
1750,5,0.82,0.285052777808559,0.579369659164716
1750,5,0.84,0.287573771587962,0.578292673949434
1750,5,0.86,0.285297986161379,0.578654180707791
1750,5,0.88,0.285297986161379,0.578654180707791
1750,5,0.9,0.286690010498679,0.580884627592438
1750,5,0.92,0.286690010498679,0.580884627592438
1750,5,0.94,0.287371423159997,0.579008152406358
1750,5,0.96,0.287371423159997,0.579008152406358
1750,5,0.98,0.287573771587962,0.578292673949434
1750,5,1,0.285052777808559,0.579369659164716
1800,5,0.2,0.354741675002507,0.563003572275634
1800,5,0.22,0.354741675002507,0.563003572275634
1800,5,0.24,0.354741675002507,0.563003572275634
1800,5,0.26,0.354741675002507,0.563003572275634
1800,5,0.28,0.354741675002507,0.563003572275634
1800,5,0.3,0.354741675002507,0.563003572275634
1800,5,0.32,0.354741675002507,0.563003572275634
1800,5,0.34,0.354741675002507,0.563003572275634
1800,5,0.36,0.354741675002507,0.563003572275634
1800,5,0.38,0.298422818626849,0.575780798528502
1800,5,0.4,0.298422818626849,0.575780798528502
1800,5,0.42,0.298422818626849,0.575780798528502
1800,5,0.44,0.298422818626849,0.575780798528502
1800,5,0.46,0.298422818626849,0.575780798528502
1800,5,0.48,0.298422818626849,0.575780798528502
1800,5,0.5,0.298422818626849,0.575780798528502
1800,5,0.52,0.267841116958253,0.595879804716463
1800,5,0.54,0.267841116958253,0.595879804716463
1800,5,0.56,0.267841116958253,0.595879804716463
1800,5,0.58,0.267841116958253,0.595879804716463
1800,5,0.6,0.267841116958253,0.595879804716463
1800,5,0.62,0.267841116958253,0.595879804716463
1800,5,0.64,0.267841116958253,0.595879804716463
1800,5,0.66,0.267841116958253,0.595879804716463
1800,5,0.68,0.267841116958253,0.595879804716463
1800,5,0.7,0.267841116958253,0.595879804716463
1800,5,0.72,0.267841116958253,0.595879804716463
1800,5,0.74,0.252792484195772,0.584031210297936
1800,5,0.76,0.252713819765937,0.584959711225801
1800,5,0.78,0.262047645155992,0.582483690050569
1800,5,0.8,0.262047645155992,0.582483690050569
1800,5,0.82,0.262047645155992,0.582483690050569
1800,5,0.84,0.262131761496549,0.582086582141145
1800,5,0.86,0.267217955902657,0.581844791647758
1800,5,0.88,0.267217955902657,0.581844791647758
1800,5,0.9,0.267217955902657,0.581844791647758
1800,5,0.92,0.267217955902657,0.581844791647758
1800,5,0.94,0.267217955902657,0.581844791647758
1800,5,0.96,0.267217955902657,0.581844791647758
1800,5,0.98,0.267217955902657,0.581844791647758
1800,5,1,0.267217955902657,0.581844791647758
1850,5,0.2,0.347353144553776,0.547861613541229
1850,5,0.22,0.347353144553776,0.547861613541229
1850,5,0.24,0.347353144553776,0.547861613541229
1850,5,0.26,0.347353144553776,0.547861613541229
1850,5,0.28,0.347353144553776,0.547861613541229
1850,5,0.3,0.347353144553776,0.547861613541229
1850,5,0.32,0.347353144553776,0.547861613541229
1850,5,0.34,0.347353144553776,0.547861613541229
1850,5,0.36,0.347353144553776,0.547861613541229
1850,5,0.38,0.297333502509255,0.57052544760842
1850,5,0.4,0.297333502509255,0.57052544760842
1850,5,0.42,0.297333502509255,0.57052544760842
1850,5,0.44,0.297333502509255,0.57052544760842
1850,5,0.46,0.297333502509255,0.57052544760842
1850,5,0.48,0.280563792000174,0.586736856964577
1850,5,0.5,0.280563792000174,0.586736856964577
1850,5,0.52,0.280563792000174,0.586736856964577
1850,5,0.54,0.280563792000174,0.586736856964577
1850,5,0.56,0.280563792000174,0.586736856964577
1850,5,0.58,0.280563792000174,0.586736856964577
1850,5,0.6,0.283408706329914,0.588139194498032
1850,5,0.62,0.280563792000174,0.586736856964577
1850,5,0.64,0.280563792000174,0.586736856964577
1850,5,0.66,0.280563792000174,0.586736856964577
1850,5,0.68,0.280563792000174,0.586736856964577
1850,5,0.7,0.280563792000174,0.586736856964577
1850,5,0.72,0.279465008302157,0.587274482965918
1850,5,0.74,0.278823546197747,0.587453644984179
1850,5,0.76,0.281711560525863,0.588790834352256
1850,5,0.78,0.286519426664842,0.586305024476957
1850,5,0.8,0.288699145886688,0.587642213845035
1850,5,0.82,0.27827470973965,0.572811669352525
1850,5,0.84,0.27827470973965,0.572811669352525
1850,5,0.86,0.27827470973965,0.572811669352525
1850,5,0.88,0.27827470973965,0.572811669352525
1850,5,0.9,0.27827470973965,0.572811669352525
1850,5,0.92,0.27827470973965,0.572811669352525
1850,5,0.94,0.27827470973965,0.572811669352525
1850,5,0.96,0.27827470973965,0.572811669352525
1850,5,0.98,0.27827470973965,0.572811669352525
1850,5,1,0.27827470973965,0.572811669352525
1900,5,0.2,0.351982365355952,0.548094829780929
1900,5,0.22,0.351982365355952,0.548094829780929
1900,5,0.24,0.345926544199753,0.560033750109159
1900,5,0.26,0.345926544199753,0.560033750109159
1900,5,0.28,0.345926544199753,0.560033750109159
1900,5,0.3,0.345926544199753,0.560033750109159
1900,5,0.32,0.345926544199753,0.560033750109159
1900,5,0.34,0.344670612790195,0.559888446263506
1900,5,0.36,0.298020967450463,0.580396146942679
1900,5,0.38,0.298020967450463,0.580396146942679
1900,5,0.4,0.298020967450463,0.580396146942679
1900,5,0.42,0.298020967450463,0.580396146942679
1900,5,0.44,0.298020967450463,0.580396146942679
1900,5,0.46,0.298020967450463,0.580396146942679
1900,5,0.48,0.266549506197555,0.598103432607891
1900,5,0.5,0.266549506197555,0.598103432607891
1900,5,0.52,0.266549506197555,0.598103432607891
1900,5,0.54,0.266549506197555,0.598103432607891
1900,5,0.56,0.266549506197555,0.598103432607891
1900,5,0.58,0.268723475404055,0.598959006730188
1900,5,0.6,0.277986215909546,0.598566415322904
1900,5,0.62,0.277986215909546,0.598566415322904
1900,5,0.64,0.277986215909546,0.598566415322904
1900,5,0.66,0.268723475404055,0.598959006730188
1900,5,0.68,0.295350740151955,0.601673387229728
1900,5,0.7,0.295350740151955,0.601673387229728
1900,5,0.72,0.295350740151955,0.601673387229728
1900,5,0.74,0.295350740151955,0.601673387229728
1900,5,0.76,0.295350740151955,0.601673387229728
1900,5,0.78,0.295350740151955,0.601673387229728
1900,5,0.8,0.295350740151955,0.601673387229728
1900,5,0.82,0.295350740151955,0.601673387229728
1900,5,0.84,0.295350740151955,0.601673387229728
1900,5,0.86,0.274704941150419,0.585223078497149
1900,5,0.88,0.274704941150419,0.585223078497149
1900,5,0.9,0.274704941150419,0.585223078497149
1900,5,0.92,0.274704941150419,0.585223078497149
1900,5,0.94,0.274704941150419,0.585223078497149
1900,5,0.96,0.279035849557078,0.58505095950996
1900,5,0.98,0.286118026562418,0.585889703914876
1900,5,1,0.286118026562418,0.585889703914876
1950,5,0.2,0.35765722199339,0.540221102705024
1950,5,0.22,0.344781419810213,0.552406426993211
1950,5,0.24,0.344781419810213,0.552406426993211
1950,5,0.26,0.348587860408305,0.551897855063532
1950,5,0.28,0.348587860408305,0.551897855063532
1950,5,0.3,0.348587860408305,0.551897855063532
1950,5,0.32,0.344781419810213,0.552406426993211
1950,5,0.34,0.29937690844586,0.577323518641963
1950,5,0.36,0.29937690844586,0.577323518641963
1950,5,0.38,0.29937690844586,0.577323518641963
1950,5,0.4,0.29937690844586,0.577323518641963
1950,5,0.42,0.29937690844586,0.577323518641963
1950,5,0.44,0.29937690844586,0.577323518641963
1950,5,0.46,0.281935957404429,0.59548487625265
1950,5,0.48,0.281935957404429,0.59548487625265
1950,5,0.5,0.281935957404429,0.59548487625265
1950,5,0.52,0.281935957404429,0.59548487625265
1950,5,0.54,0.281935957404429,0.59548487625265
1950,5,0.56,0.281935957404429,0.59548487625265
1950,5,0.58,0.281935957404429,0.59548487625265
1950,5,0.6,0.281935957404429,0.59548487625265
1950,5,0.62,0.281935957404429,0.59548487625265
1950,5,0.64,0.281935957404429,0.59548487625265
1950,5,0.66,0.28178075173811,0.595690075766237
1950,5,0.68,0.28178075173811,0.595690075766237
1950,5,0.7,0.28178075173811,0.595690075766237
1950,5,0.72,0.28178075173811,0.595690075766237
1950,5,0.74,0.28178075173811,0.595690075766237
1950,5,0.76,0.28178075173811,0.595690075766237
1950,5,0.78,0.28178075173811,0.595690075766237
1950,5,0.8,0.28178075173811,0.595690075766237
1950,5,0.82,0.251540252074672,0.580844716143382
1950,5,0.84,0.251540252074672,0.580844716143382
1950,5,0.86,0.276395213584732,0.579288614230976
1950,5,0.88,0.276395213584732,0.579288614230976
1950,5,0.9,0.276395213584732,0.579288614230976
1950,5,0.92,0.276395213584732,0.579288614230976
1950,5,0.94,0.275870967688932,0.579074683213207
1950,5,0.96,0.277401590244995,0.580673122839029
1950,5,0.98,0.277401590244995,0.580673122839029
1950,5,1,0.277401590244995,0.580673122839029
2000,5,0.2,0.351440517010269,0.567639422363612
2000,5,0.22,0.351440517010269,0.567639422363612
2000,5,0.24,0.351440517010269,0.567639422363612
2000,5,0.26,0.351440517010269,0.567639422363612
2000,5,0.28,0.351440517010269,0.567639422363612
2000,5,0.3,0.351440517010269,0.567639422363612
2000,5,0.32,0.351440517010269,0.567639422363612
2000,5,0.34,0.351440517010269,0.567639422363612
2000,5,0.36,0.351440517010269,0.567639422363612
2000,5,0.38,0.351440517010269,0.567639422363612
2000,5,0.4,0.295787979344782,0.583778030844014
2000,5,0.42,0.298225783356881,0.58771156451172
2000,5,0.44,0.268940527480281,0.608997767771163
2000,5,0.46,0.268940527480281,0.608997767771163
2000,5,0.48,0.268940527480281,0.608997767771163
2000,5,0.5,0.268940527480281,0.608997767771163
2000,5,0.52,0.268940527480281,0.608997767771163
2000,5,0.54,0.268940527480281,0.608997767771163
2000,5,0.56,0.268940527480281,0.608997767771163
2000,5,0.58,0.268940527480281,0.608997767771163
2000,5,0.6,0.268940527480281,0.608997767771163
2000,5,0.62,0.268940527480281,0.608997767771163
2000,5,0.64,0.268940527480281,0.608997767771163
2000,5,0.66,0.286472805346413,0.609273339267664
2000,5,0.68,0.286472805346413,0.609273339267664
2000,5,0.7,0.286472805346413,0.609273339267664
2000,5,0.72,0.286472805346413,0.609273339267664
2000,5,0.74,0.286472805346413,0.609273339267664
2000,5,0.76,0.279049097003085,0.593174008552506
2000,5,0.78,0.279049097003085,0.593174008552506
2000,5,0.8,0.279049097003085,0.593174008552506
2000,5,0.82,0.279260989655726,0.592645241907322
2000,5,0.84,0.279260989655726,0.592645241907322
2000,5,0.86,0.279260989655726,0.592645241907322
2000,5,0.88,0.279260989655726,0.592645241907322
2000,5,0.9,0.279260989655726,0.592645241907322
2000,5,0.92,0.280263185868872,0.59360506681792
2000,5,0.94,0.280263185868872,0.59360506681792
2000,5,0.96,0.280263185868872,0.59360506681792
2000,5,0.98,0.280263185868872,0.59360506681792
2000,5,1,0.280263185868872,0.59360506681792
2050,5,0.2,0.341619094248554,0.557517265846415
2050,5,0.22,0.341619094248554,0.557517265846415
2050,5,0.24,0.341619094248554,0.557517265846415
2050,5,0.26,0.341619094248554,0.557517265846415
2050,5,0.28,0.341619094248554,0.557517265846415
2050,5,0.3,0.341619094248554,0.557517265846415
2050,5,0.32,0.291690199298271,0.574551328725761
2050,5,0.34,0.291690199298271,0.574551328725761
2050,5,0.36,0.291690199298271,0.574551328725761
2050,5,0.38,0.291690199298271,0.574551328725761
2050,5,0.4,0.291690199298271,0.574551328725761
2050,5,0.42,0.291690199298271,0.574551328725761
2050,5,0.44,0.291332514200838,0.574728552071708
2050,5,0.46,0.291332514200838,0.574728552071708
2050,5,0.48,0.258055960582948,0.596015843465898
2050,5,0.5,0.258055960582948,0.596015843465898
2050,5,0.52,0.258055960582948,0.596015843465898
2050,5,0.54,0.258055960582948,0.596015843465898
2050,5,0.56,0.258055960582948,0.596015843465898
2050,5,0.58,0.259177432780591,0.596527531948023
2050,5,0.6,0.259177432780591,0.596527531948023
2050,5,0.62,0.27918014019563,0.599831303958672
2050,5,0.64,0.27918014019563,0.599831303958672
2050,5,0.66,0.28007593979753,0.601364085081464
2050,5,0.68,0.28007593979753,0.601364085081464
2050,5,0.7,0.279881335579978,0.602028622423854
2050,5,0.72,0.279881335579978,0.602028622423854
2050,5,0.74,0.279881335579978,0.602028622423854
2050,5,0.76,0.279881335579978,0.602028622423854
2050,5,0.78,0.279881335579978,0.602028622423854
2050,5,0.8,0.279881335579978,0.602028622423854
2050,5,0.82,0.279881335579978,0.602028622423854
2050,5,0.84,0.279881335579978,0.602028622423854
2050,5,0.86,0.279881335579978,0.602028622423854
2050,5,0.88,0.279881335579978,0.602028622423854
2050,5,0.9,0.269743681385023,0.586280558413191
2050,5,0.92,0.269743681385023,0.586280558413191
2050,5,0.94,0.269743681385023,0.586280558413191
2050,5,0.96,0.271388272855759,0.586047356588283
2050,5,0.98,0.271388272855759,0.586047356588283
2050,5,1,0.271388272855759,0.586047356588283
2100,5,0.2,0.354541645994328,0.552446743234147
2100,5,0.22,0.354541645994328,0.552446743234147
2100,5,0.24,0.354541645994328,0.552446743234147
2100,5,0.26,0.340059577301462,0.56494229979003
2100,5,0.28,0.340059577301462,0.56494229979003
2100,5,0.3,0.340059577301462,0.56494229979003
2100,5,0.32,0.340059577301462,0.56494229979003
2100,5,0.34,0.340059577301462,0.56494229979003
2100,5,0.36,0.340059577301462,0.56494229979003
2100,5,0.38,0.29165875080776,0.584494395392483
2100,5,0.4,0.262841806053562,0.605020724086066
2100,5,0.42,0.261722832303723,0.602848073603114
2100,5,0.44,0.261722832303723,0.602848073603114
2100,5,0.46,0.261722832303723,0.602848073603114
2100,5,0.48,0.261722832303723,0.602848073603114
2100,5,0.5,0.261722832303723,0.602848073603114
2100,5,0.52,0.262643890137806,0.605308759297562
2100,5,0.54,0.262643890137806,0.605308759297562
2100,5,0.56,0.262643890137806,0.605308759297562
2100,5,0.58,0.262643890137806,0.605308759297562
2100,5,0.6,0.262643890137806,0.605308759297562
2100,5,0.62,0.261515282742491,0.60313610881461
2100,5,0.64,0.262643890137806,0.605308759297562
2100,5,0.66,0.281118475439998,0.604657912828404
2100,5,0.68,0.281118475439998,0.604657912828404
2100,5,0.7,0.281118475439998,0.604657912828404
2100,5,0.72,0.281118475439998,0.604657912828404
2100,5,0.74,0.292638247790102,0.606803207975414
2100,5,0.76,0.278075655658716,0.591898067375591
2100,5,0.78,0.278075655658716,0.591898067375591
2100,5,0.8,0.278075655658716,0.591898067375591
2100,5,0.82,0.285225110908141,0.591063925771845
2100,5,0.84,0.285225110908141,0.591063925771845
2100,5,0.86,0.285225110908141,0.591063925771845
2100,5,0.88,0.285225110908141,0.591063925771845
2100,5,0.9,0.278075655658716,0.591898067375591
2100,5,0.92,0.277991096544462,0.591985612296302
2100,5,0.94,0.277991096544462,0.591985612296302
2100,5,0.96,0.273500527494127,0.586501710852661
2100,5,0.98,0.285225110908141,0.591063925771845
2100,5,1,0.285225110908141,0.591063925771845
2150,5,0.2,0.344807023299193,0.560024264242457
2150,5,0.22,0.344807023299193,0.560024264242457
2150,5,0.24,0.344807023299193,0.560024264242457
2150,5,0.26,0.344807023299193,0.560024264242457
2150,5,0.28,0.344807023299193,0.560024264242457
2150,5,0.3,0.344807023299193,0.560024264242457
2150,5,0.32,0.343730101267587,0.560084736190305
2150,5,0.34,0.343730101267587,0.560084736190305
2150,5,0.36,0.343730101267587,0.560084736190305
2150,5,0.38,0.287510598898816,0.57758098888576
2150,5,0.4,0.287510598898816,0.57758098888576
2150,5,0.42,0.287510598898816,0.57758098888576
2150,5,0.44,0.287510598898816,0.57758098888576
2150,5,0.46,0.287510598898816,0.57758098888576
2150,5,0.48,0.256667646428207,0.604214450341711
2150,5,0.5,0.256667646428207,0.604214450341711
2150,5,0.52,0.256667646428207,0.604214450341711
2150,5,0.54,0.256667646428207,0.604214450341711
2150,5,0.56,0.256667646428207,0.604214450341711
2150,5,0.58,0.256667646428207,0.604214450341711
2150,5,0.6,0.256667646428207,0.604214450341711
2150,5,0.62,0.274087672853534,0.606744541688159
2150,5,0.64,0.274087672853534,0.606744541688159
2150,5,0.66,0.274087672853534,0.606744541688159
2150,5,0.68,0.27466223597509,0.607576474128129
2150,5,0.7,0.27466223597509,0.607576474128129
2150,5,0.72,0.277097821343282,0.599027986875815
2150,5,0.74,0.277097821343282,0.599027986875815
2150,5,0.76,0.277097821343282,0.599027986875815
2150,5,0.78,0.277097821343282,0.599027986875815
2150,5,0.8,0.277097821343282,0.599027986875815
2150,5,0.82,0.277097821343282,0.599027986875815
2150,5,0.84,0.277097821343282,0.599027986875815
2150,5,0.86,0.277097821343282,0.599027986875815
2150,5,0.88,0.277097821343282,0.599027986875815
2150,5,0.9,0.277097821343282,0.599027986875815
2150,5,0.92,0.277097821343282,0.599027986875815
2150,5,0.94,0.277097821343282,0.599027986875815
2150,5,0.96,0.277097821343282,0.599027986875815
2150,5,0.98,0.277097821343282,0.599027986875815
2150,5,1,0.277097821343282,0.599027986875815
2200,5,0.2,0.341463451525342,0.55672680497735
2200,5,0.22,0.341463451525342,0.55672680497735
2200,5,0.24,0.341463451525342,0.55672680497735
2200,5,0.26,0.341463451525342,0.55672680497735
2200,5,0.28,0.341463451525342,0.55672680497735
2200,5,0.3,0.341463451525342,0.55672680497735
2200,5,0.32,0.341463451525342,0.55672680497735
2200,5,0.34,0.341463451525342,0.55672680497735
2200,5,0.36,0.341463451525342,0.55672680497735
2200,5,0.38,0.285555531554879,0.572434515589888
2200,5,0.4,0.285675485292857,0.574682609847693
2200,5,0.42,0.285675485292857,0.574682609847693
2200,5,0.44,0.285675485292857,0.574682609847693
2200,5,0.46,0.254166816903792,0.600166211038018
2200,5,0.48,0.254166816903792,0.600166211038018
2200,5,0.5,0.254166816903792,0.600166211038018
2200,5,0.52,0.254166816903792,0.600166211038018
2200,5,0.54,0.254166816903792,0.600166211038018
2200,5,0.56,0.254166816903792,0.600166211038018
2200,5,0.58,0.254166816903792,0.600166211038018
2200,5,0.6,0.273746227559303,0.603947523299482
2200,5,0.62,0.273746227559303,0.603947523299482
2200,5,0.64,0.273746227559303,0.603947523299482
2200,5,0.66,0.273746227559303,0.603947523299482
2200,5,0.68,0.277023199951753,0.595304173524451
2200,5,0.7,0.277023199951753,0.595304173524451
2200,5,0.72,0.277023199951753,0.595304173524451
2200,5,0.74,0.277023199951753,0.595304173524451
2200,5,0.76,0.277023199951753,0.595304173524451
2200,5,0.78,0.277023199951753,0.595304173524451
2200,5,0.8,0.277023199951753,0.595304173524451
2200,5,0.82,0.277023199951753,0.595304173524451
2200,5,0.84,0.277023199951753,0.595304173524451
2200,5,0.86,0.277023199951753,0.595304173524451
2200,5,0.88,0.277023199951753,0.595304173524451
2200,5,0.9,0.277023199951753,0.595304173524451
2200,5,0.92,0.277023199951753,0.595304173524451
2200,5,0.94,0.277023199951753,0.595304173524451
2200,5,0.96,0.277023199951753,0.595304173524451
2200,5,0.98,0.276861308960363,0.594725291593843
2200,5,1,0.276861308960363,0.594725291593843
2250,5,0.2,0.338239185554103,0.554043638671863
2250,5,0.22,0.338239185554103,0.554043638671863
2250,5,0.24,0.338239185554103,0.554043638671863
2250,5,0.26,0.338239185554103,0.554043638671863
2250,5,0.28,0.338239185554103,0.554043638671863
2250,5,0.3,0.338239185554103,0.554043638671863
2250,5,0.32,0.338239185554103,0.554043638671863
2250,5,0.34,0.338239185554103,0.554043638671863
2250,5,0.36,0.338239185554103,0.554043638671863
2250,5,0.38,0.338239185554103,0.554043638671863
2250,5,0.4,0.338239185554103,0.554043638671863
2250,5,0.42,0.338239185554103,0.554043638671863
2250,5,0.44,0.282766208669122,0.573107503454819
2250,5,0.46,0.244776661398814,0.595240103030812
2250,5,0.48,0.244776661398814,0.595240103030812
2250,5,0.5,0.239383254850897,0.591771351598716
2250,5,0.52,0.239383254850897,0.591771351598716
2250,5,0.54,0.239383254850897,0.591771351598716
2250,5,0.56,0.239383254850897,0.591771351598716
2250,5,0.58,0.239383254850897,0.591771351598716
2250,5,0.6,0.239383254850897,0.591771351598716
2250,5,0.62,0.255605861128301,0.592510580655928
2250,5,0.64,0.255605861128301,0.592510580655928
2250,5,0.66,0.255605861128301,0.592510580655928
2250,5,0.68,0.266356923738093,0.586225877281259
2250,5,0.7,0.267788766166965,0.587288439749262
2250,5,0.72,0.267788766166965,0.587288439749262
2250,5,0.74,0.267788766166965,0.587288439749262
2250,5,0.76,0.268894346548037,0.588393657224116
2250,5,0.78,0.268691912202384,0.589010519030701
2250,5,0.8,0.268691912202384,0.589010519030701
2250,5,0.82,0.268691912202384,0.589010519030701
2250,5,0.84,0.268691912202384,0.589010519030701
2250,5,0.86,0.268691912202384,0.589010519030701
2250,5,0.88,0.268691912202384,0.589010519030701
2250,5,0.9,0.270216523905394,0.588545555820987
2250,5,0.92,0.270216523905394,0.588545555820987
2250,5,0.94,0.270216523905394,0.588545555820987
2250,5,0.96,0.270216523905394,0.588545555820987
2250,5,0.98,0.270216523905394,0.588545555820987
2250,5,1,0.270216523905394,0.588545555820987
2300,5,0.2,0.334583875270835,0.555593090103305
2300,5,0.22,0.334583875270835,0.555593090103305
2300,5,0.24,0.334583875270835,0.555593090103305
2300,5,0.26,0.334583875270835,0.555593090103305
2300,5,0.28,0.334583875270835,0.555593090103305
2300,5,0.3,0.334583875270835,0.555593090103305
2300,5,0.32,0.334583875270835,0.555593090103305
2300,5,0.34,0.334583875270835,0.555593090103305
2300,5,0.36,0.334583875270835,0.555593090103305
2300,5,0.38,0.250022452084198,0.598862638494429
2300,5,0.4,0.250022452084198,0.598862638494429
2300,5,0.42,0.250022452084198,0.598862638494429
2300,5,0.44,0.250022452084198,0.598862638494429
2300,5,0.46,0.250022452084198,0.598862638494429
2300,5,0.48,0.250022452084198,0.598862638494429
2300,5,0.5,0.250022452084198,0.598862638494429
2300,5,0.52,0.250022452084198,0.598862638494429
2300,5,0.54,0.250022452084198,0.598862638494429
2300,5,0.56,0.250022452084198,0.598862638494429
2300,5,0.58,0.250022452084198,0.598862638494429
2300,5,0.6,0.250022452084198,0.598862638494429
2300,5,0.62,0.250022452084198,0.598862638494429
2300,5,0.64,0.250022452084198,0.598862638494429
2300,5,0.66,0.250022452084198,0.598862638494429
2300,5,0.68,0.250022452084198,0.598862638494429
2300,5,0.7,0.250022452084198,0.598862638494429
2300,5,0.72,0.250022452084198,0.598862638494429
2300,5,0.74,0.250022452084198,0.598862638494429
2300,5,0.76,0.269228682297473,0.598006716394619
2300,5,0.78,0.269228682297473,0.598006716394619
2300,5,0.8,0.269228682297473,0.598006716394619
2300,5,0.82,0.269228682297473,0.598006716394619
2300,5,0.84,0.269228682297473,0.598006716394619
2300,5,0.86,0.269228682297473,0.598006716394619
2300,5,0.88,0.269228682297473,0.598006716394619
2300,5,0.9,0.267547421866223,0.58467658936987
2300,5,0.92,0.267547421866223,0.58467658936987
2300,5,0.94,0.267547421866223,0.58467658936987
2300,5,0.96,0.274120088145055,0.569845073499579
2300,5,0.98,0.274120088145055,0.569845073499579
2300,5,1,0.274120088145055,0.569845073499579
2350,5,0.2,0.337624389495737,0.556162033552558
2350,5,0.22,0.337624389495737,0.556162033552558
2350,5,0.24,0.337624389495737,0.556162033552558
2350,5,0.26,0.337624389495737,0.556162033552558
2350,5,0.28,0.337624389495737,0.556162033552558
2350,5,0.3,0.337624389495737,0.556162033552558
2350,5,0.32,0.337624389495737,0.556162033552558
2350,5,0.34,0.337624389495737,0.556162033552558
2350,5,0.36,0.337624389495737,0.556162033552558
2350,5,0.38,0.337624389495737,0.556162033552558
2350,5,0.4,0.337624389495737,0.556162033552558
2350,5,0.42,0.248605494368584,0.583280181965777
2350,5,0.44,0.248605494368584,0.583280181965777
2350,5,0.46,0.248605494368584,0.583280181965777
2350,5,0.48,0.250572913901443,0.594326546776858
2350,5,0.5,0.250572913901443,0.594326546776858
2350,5,0.52,0.250572913901443,0.594326546776858
2350,5,0.54,0.250572913901443,0.594326546776858
2350,5,0.56,0.250572913901443,0.594326546776858
2350,5,0.58,0.250572913901443,0.594326546776858
2350,5,0.6,0.250572913901443,0.594326546776858
2350,5,0.62,0.250572913901443,0.594326546776858
2350,5,0.64,0.250653767044846,0.594595639818133
2350,5,0.66,0.250653767044846,0.594595639818133
2350,5,0.68,0.250653767044846,0.594595639818133
2350,5,0.7,0.27242668932706,0.60062046609945
2350,5,0.72,0.27242668932706,0.60062046609945
2350,5,0.74,0.27242668932706,0.60062046609945
2350,5,0.76,0.27242668932706,0.60062046609945
2350,5,0.78,0.27242668932706,0.60062046609945
2350,5,0.8,0.27242668932706,0.60062046609945
2350,5,0.82,0.27242668932706,0.60062046609945
2350,5,0.84,0.27242668932706,0.60062046609945
2350,5,0.86,0.27242668932706,0.60062046609945
2350,5,0.88,0.27242668932706,0.60062046609945
2350,5,0.9,0.27242668932706,0.60062046609945
2350,5,0.92,0.27242668932706,0.60062046609945
2350,5,0.94,0.27242668932706,0.60062046609945
2350,5,0.96,0.258794304662994,0.579826928027928
2350,5,0.98,0.258794304662994,0.579826928027928
2350,5,1,0.260326316316496,0.579074804046805
2400,5,0.2,0.339798289629825,0.569298442913401
2400,5,0.22,0.339850949060209,0.571259674498541
2400,5,0.24,0.339850949060209,0.571259674498541
2400,5,0.26,0.339850949060209,0.571259674498541
2400,5,0.28,0.339850949060209,0.571259674498541
2400,5,0.3,0.339850949060209,0.571259674498541
2400,5,0.32,0.339850949060209,0.571259674498541
2400,5,0.34,0.339850949060209,0.571259674498541
2400,5,0.36,0.262432567592064,0.597301907136146
2400,5,0.38,0.262432567592064,0.597301907136146
2400,5,0.4,0.260259419338766,0.61662368069961
2400,5,0.42,0.260259419338766,0.61662368069961
2400,5,0.44,0.263141323116136,0.617363793623649
2400,5,0.46,0.263141323116136,0.617363793623649
2400,5,0.48,0.263141323116136,0.617363793623649
2400,5,0.5,0.263141323116136,0.617363793623649
2400,5,0.52,0.263141323116136,0.617363793623649
2400,5,0.54,0.263141323116136,0.617363793623649
2400,5,0.56,0.28691366332726,0.622421449051536
2400,5,0.58,0.28691366332726,0.622421449051536
2400,5,0.6,0.28691366332726,0.622421449051536
2400,5,0.62,0.28691366332726,0.622421449051536
2400,5,0.64,0.28691366332726,0.622421449051536
2400,5,0.66,0.28691366332726,0.622421449051536
2400,5,0.68,0.28691366332726,0.622421449051536
2400,5,0.7,0.28691366332726,0.622421449051536
2400,5,0.72,0.28691366332726,0.622421449051536
2400,5,0.74,0.28691366332726,0.622421449051536
2400,5,0.76,0.28691366332726,0.622421449051536
2400,5,0.78,0.28691366332726,0.622421449051536
2400,5,0.8,0.28691366332726,0.622421449051536
2400,5,0.82,0.28691366332726,0.622421449051536
2400,5,0.84,0.28691366332726,0.622421449051536
2400,5,0.86,0.28691366332726,0.622421449051536
2400,5,0.88,0.28691366332726,0.622421449051536
2400,5,0.9,0.28691366332726,0.622421449051536
2400,5,0.92,0.28691366332726,0.622421449051536
2400,5,0.94,0.286434196880107,0.622420993745306
2400,5,0.96,0.286434196880107,0.622420993745306
2400,5,0.98,0.286434196880107,0.622420993745306
2400,5,1,0.286434196880107,0.622420993745306
2450,5,0.2,0.352514297030852,0.548235890092554
2450,5,0.22,0.352514297030852,0.548235890092554
2450,5,0.24,0.352514297030852,0.548235890092554
2450,5,0.26,0.34357428062221,0.556483165679284
2450,5,0.28,0.34357428062221,0.556483165679284
2450,5,0.3,0.286518330451874,0.589248865854276
2450,5,0.32,0.286518330451874,0.589248865854276
2450,5,0.34,0.286518330451874,0.589248865854276
2450,5,0.36,0.286518330451874,0.589248865854276
2450,5,0.38,0.285565077327499,0.589257582692156
2450,5,0.4,0.285565077327499,0.589257582692156
2450,5,0.42,0.285565077327499,0.589257582692156
2450,5,0.44,0.262384529491072,0.611377856679514
2450,5,0.46,0.262384529491072,0.611377856679514
2450,5,0.48,0.262384529491072,0.611377856679514
2450,5,0.5,0.262384529491072,0.611377856679514
2450,5,0.52,0.262384529491072,0.611377856679514
2450,5,0.54,0.262384529491072,0.611377856679514
2450,5,0.56,0.264680105781075,0.612218458058747
2450,5,0.58,0.264680105781075,0.612218458058747
2450,5,0.6,0.264680105781075,0.612218458058747
2450,5,0.62,0.264680105781075,0.612218458058747
2450,5,0.64,0.264680105781075,0.612218458058747
2450,5,0.66,0.264680105781075,0.612218458058747
2450,5,0.68,0.264680105781075,0.612218458058747
2450,5,0.7,0.264680105781075,0.612218458058747
2450,5,0.72,0.264680105781075,0.612218458058747
2450,5,0.74,0.264680105781075,0.612218458058747
2450,5,0.76,0.264680105781075,0.612218458058747
2450,5,0.78,0.284147682233851,0.607771216713979
2450,5,0.8,0.283589755247722,0.60772468666801
2450,5,0.82,0.283589755247722,0.60772468666801
2450,5,0.84,0.284120432563223,0.60853980155865
2450,5,0.86,0.284120432563223,0.60853980155865
2450,5,0.88,0.284120432563223,0.60853980155865
2450,5,0.9,0.284120432563223,0.60853980155865
2450,5,0.92,0.284120432563223,0.60853980155865
2450,5,0.94,0.284120432563223,0.60853980155865
2450,5,0.96,0.284465413349121,0.609141637641025
2450,5,0.98,0.294021489582306,0.608409193868644
2450,5,1,0.294021489582306,0.608409193868644
2500,5,0.2,0.350683008481969,0.549214379967033
2500,5,0.22,0.350683008481969,0.549214379967033
2500,5,0.24,0.337700629136085,0.560426745027819
2500,5,0.26,0.337700629136085,0.560426745027819
2500,5,0.28,0.337700629136085,0.560426745027819
2500,5,0.3,0.337700629136085,0.560426745027819
2500,5,0.32,0.288403825907274,0.587586355871332
2500,5,0.34,0.288403825907274,0.587586355871332
2500,5,0.36,0.288403825907274,0.587586355871332
2500,5,0.38,0.288403825907274,0.587586355871332
2500,5,0.4,0.28946371307832,0.588709499767413
2500,5,0.42,0.28946371307832,0.588709499767413
2500,5,0.44,0.255501530508289,0.60418935628179
2500,5,0.46,0.255501530508289,0.60418935628179
2500,5,0.48,0.255501530508289,0.60418935628179
2500,5,0.5,0.255501530508289,0.60418935628179
2500,5,0.52,0.255501530508289,0.60418935628179
2500,5,0.54,0.255501530508289,0.60418935628179
2500,5,0.56,0.255501530508289,0.60418935628179
2500,5,0.58,0.255501530508289,0.60418935628179
2500,5,0.6,0.27084834794642,0.604433574864616
2500,5,0.62,0.27084834794642,0.604433574864616
2500,5,0.64,0.27084834794642,0.604433574864616
2500,5,0.66,0.27084834794642,0.604433574864616
2500,5,0.68,0.27084834794642,0.604433574864616
2500,5,0.7,0.27084834794642,0.604433574864616
2500,5,0.72,0.288562284241375,0.6077824733481
2500,5,0.74,0.288562284241375,0.6077824733481
2500,5,0.76,0.288562284241375,0.6077824733481
2500,5,0.78,0.288562284241375,0.6077824733481
2500,5,0.8,0.288562284241375,0.6077824733481
2500,5,0.82,0.288562284241375,0.6077824733481
2500,5,0.84,0.288562284241375,0.6077824733481
2500,5,0.86,0.288562284241375,0.6077824733481
2500,5,0.88,0.288562284241375,0.6077824733481
2500,5,0.9,0.288562284241375,0.6077824733481
2500,5,0.92,0.288562284241375,0.6077824733481
2500,5,0.94,0.288562284241375,0.6077824733481
2500,5,0.96,0.288562284241375,0.6077824733481
2500,5,0.98,0.288142106387394,0.60695539271168
2500,5,1,0.288142106387394,0.60695539271168
2550,5,0.2,0.336309241288402,0.553812001953094
2550,5,0.22,0.336309241288402,0.553812001953094
2550,5,0.24,0.336309241288402,0.553812001953094
2550,5,0.26,0.336309241288402,0.553812001953094
2550,5,0.28,0.336309241288402,0.553812001953094
2550,5,0.3,0.277791857691715,0.579081014508825
2550,5,0.32,0.276418867009211,0.571751687427271
2550,5,0.34,0.277791857691715,0.579081014508825
2550,5,0.36,0.277791857691715,0.579081014508825
2550,5,0.38,0.277791857691715,0.579081014508825
2550,5,0.4,0.276691893571572,0.584006925064771
2550,5,0.42,0.276691893571572,0.584006925064771
2550,5,0.44,0.247348159068283,0.598186335907241
2550,5,0.46,0.247348159068283,0.598186335907241
2550,5,0.48,0.247348159068283,0.598186335907241
2550,5,0.5,0.247348159068283,0.598186335907241
2550,5,0.52,0.247348159068283,0.598186335907241
2550,5,0.54,0.248083272175568,0.599096556401956
2550,5,0.56,0.248083272175568,0.599096556401956
2550,5,0.58,0.252614934502137,0.606680153470831
2550,5,0.6,0.252614934502137,0.606680153470831
2550,5,0.62,0.252614934502137,0.606680153470831
2550,5,0.64,0.252614934502137,0.606680153470831
2550,5,0.66,0.252614934502137,0.606680153470831
2550,5,0.68,0.252614934502137,0.606680153470831
2550,5,0.7,0.272767276213819,0.607549453194377
2550,5,0.72,0.272767276213819,0.607549453194377
2550,5,0.74,0.272767276213819,0.607549453194377
2550,5,0.76,0.272998109756672,0.607837656149378
2550,5,0.78,0.272998109756672,0.607837656149378
2550,5,0.8,0.27410100372701,0.607125215341619
2550,5,0.82,0.27410100372701,0.607125215341619
2550,5,0.84,0.27410100372701,0.607125215341619
2550,5,0.86,0.27410100372701,0.607125215341619
2550,5,0.88,0.27410100372701,0.607125215341619
2550,5,0.9,0.27410100372701,0.607125215341619
2550,5,0.92,0.27410100372701,0.607125215341619
2550,5,0.94,0.273853253128901,0.605995542666213
2550,5,0.96,0.274106660979587,0.606711716767076
2550,5,0.98,0.274106660979587,0.606711716767076
2550,5,1,0.274106660979587,0.606711716767076
2600,5,0.2,0.333107773366837,0.545812943733332
2600,5,0.22,0.333107773366837,0.545812943733332
2600,5,0.24,0.333107773366837,0.545812943733332
2600,5,0.26,0.333107773366837,0.545812943733332
2600,5,0.28,0.333107773366837,0.545812943733332
2600,5,0.3,0.333107773366837,0.545812943733332
2600,5,0.32,0.333107773366837,0.545812943733332
2600,5,0.34,0.333107773366837,0.545812943733332
2600,5,0.36,0.24722019277227,0.577290584556913
2600,5,0.38,0.24722019277227,0.577290584556913
2600,5,0.4,0.248250414223874,0.578603145326105
2600,5,0.42,0.248250414223874,0.578603145326105
2600,5,0.44,0.248250414223874,0.578603145326105
2600,5,0.46,0.248250414223874,0.578603145326105
2600,5,0.48,0.249349699158186,0.595934050735062
2600,5,0.5,0.271931352342913,0.603369943896939
2600,5,0.52,0.271931352342913,0.603369943896939
2600,5,0.54,0.271931352342913,0.603369943896939
2600,5,0.56,0.271931352342913,0.603369943896939
2600,5,0.58,0.271439445575444,0.603379866893993
2600,5,0.6,0.271439445575444,0.603379866893993
2600,5,0.62,0.271439445575444,0.603379866893993
2600,5,0.64,0.271439445575444,0.603379866893993
2600,5,0.66,0.271439445575444,0.603379866893993
2600,5,0.68,0.271439445575444,0.603379866893993
2600,5,0.7,0.271439445575444,0.603379866893993
2600,5,0.72,0.271439445575444,0.603379866893993
2600,5,0.74,0.271439445575444,0.603379866893993
2600,5,0.76,0.271439445575444,0.603379866893993
2600,5,0.78,0.271439445575444,0.603379866893993
2600,5,0.8,0.271439445575444,0.603379866893993
2600,5,0.82,0.271439445575444,0.603379866893993
2600,5,0.84,0.271439445575444,0.603379866893993
2600,5,0.86,0.272085791896399,0.603211151503195
2600,5,0.88,0.272085791896399,0.603211151503195
2600,5,0.9,0.272085791896399,0.603211151503195
2600,5,0.92,0.272085791896399,0.603211151503195
2600,5,0.94,0.272085791896399,0.603211151503195
2600,5,0.96,0.272085791896399,0.603211151503195
2600,5,0.98,0.278117452173155,0.586232072553826
2600,5,1,0.278117452173155,0.586232072553826
2650,5,0.2,0.340549131653225,0.565813724878884
2650,5,0.22,0.340549131653225,0.565813724878884
2650,5,0.24,0.340549131653225,0.565813724878884
2650,5,0.26,0.340549131653225,0.565813724878884
2650,5,0.28,0.340549131653225,0.565813724878884
2650,5,0.3,0.340549131653225,0.565813724878884
2650,5,0.32,0.340549131653225,0.565813724878884
2650,5,0.34,0.285217996936817,0.596325425051886
2650,5,0.36,0.285217996936817,0.596325425051886
2650,5,0.38,0.285217996936817,0.596325425051886
2650,5,0.4,0.285217996936817,0.596325425051886
2650,5,0.42,0.285217996936817,0.596325425051886
2650,5,0.44,0.285217996936817,0.596325425051886
2650,5,0.46,0.258588869252128,0.614054508238666
2650,5,0.48,0.258588869252128,0.614054508238666
2650,5,0.5,0.258588869252128,0.614054508238666
2650,5,0.52,0.258588869252128,0.614054508238666
2650,5,0.54,0.258588869252128,0.614054508238666
2650,5,0.56,0.258588869252128,0.614054508238666
2650,5,0.58,0.258588869252128,0.614054508238666
2650,5,0.6,0.259256620368993,0.615348091278669
2650,5,0.62,0.259256620368993,0.615348091278669
2650,5,0.64,0.259256620368993,0.615348091278669
2650,5,0.66,0.259256620368993,0.615348091278669
2650,5,0.68,0.259256620368993,0.615348091278669
2650,5,0.7,0.259256620368993,0.615348091278669
2650,5,0.72,0.259256620368993,0.615348091278669
2650,5,0.74,0.259256620368993,0.615348091278669
2650,5,0.76,0.259256620368993,0.615348091278669
2650,5,0.78,0.259256620368993,0.615348091278669
2650,5,0.8,0.259256620368993,0.615348091278669
2650,5,0.82,0.259256620368993,0.615348091278669
2650,5,0.84,0.259256620368993,0.615348091278669
2650,5,0.86,0.281854893619612,0.612850195109556
2650,5,0.88,0.281854893619612,0.612850195109556
2650,5,0.9,0.281854893619612,0.612850195109556
2650,5,0.92,0.281854893619612,0.612850195109556
2650,5,0.94,0.281854893619612,0.612850195109556
2650,5,0.96,0.281854893619612,0.612850195109556
2650,5,0.98,0.281854893619612,0.612850195109556
2650,5,1,0.281854893619612,0.612850195109556
2700,5,0.2,0.343369668616921,0.549147558700167
2700,5,0.22,0.338053533674006,0.565946462651629
2700,5,0.24,0.338053533674006,0.565946462651629
2700,5,0.26,0.338053533674006,0.565946462651629
2700,5,0.28,0.338053533674006,0.565946462651629
2700,5,0.3,0.338053533674006,0.565946462651629
2700,5,0.32,0.338053533674006,0.565946462651629
2700,5,0.34,0.338053533674006,0.565946462651629
2700,5,0.36,0.338053533674006,0.565946462651629
2700,5,0.38,0.338053533674006,0.565946462651629
2700,5,0.4,0.253590130966133,0.614353210214871
2700,5,0.42,0.253590130966133,0.614353210214871
2700,5,0.44,0.253590130966133,0.614353210214871
2700,5,0.46,0.253590130966133,0.614353210214871
2700,5,0.48,0.253590130966133,0.614353210214871
2700,5,0.5,0.253590130966133,0.614353210214871
2700,5,0.52,0.253590130966133,0.614353210214871
2700,5,0.54,0.253590130966133,0.614353210214871
2700,5,0.56,0.253590130966133,0.614353210214871
2700,5,0.58,0.253590130966133,0.614353210214871
2700,5,0.6,0.253590130966133,0.614353210214871
2700,5,0.62,0.253590130966133,0.614353210214871
2700,5,0.64,0.253590130966133,0.614353210214871
2700,5,0.66,0.253590130966133,0.614353210214871
2700,5,0.68,0.253590130966133,0.614353210214871
2700,5,0.7,0.253590130966133,0.614353210214871
2700,5,0.72,0.253590130966133,0.614353210214871
2700,5,0.74,0.253590130966133,0.614353210214871
2700,5,0.76,0.253590130966133,0.614353210214871
2700,5,0.78,0.254262160225178,0.615165306509217
2700,5,0.8,0.254262160225178,0.615165306509217
2700,5,0.82,0.25376090618998,0.615083382404401
2700,5,0.84,0.25376090618998,0.615083382404401
2700,5,0.86,0.274571386416617,0.60976304869003
2700,5,0.88,0.274571386416617,0.60976304869003
2700,5,0.9,0.274571386416617,0.60976304869003
2700,5,0.92,0.274571386416617,0.60976304869003
2700,5,0.94,0.274571386416617,0.60976304869003
2700,5,0.96,0.274571386416617,0.60976304869003
2700,5,0.98,0.285440021881386,0.608599614539329
2700,5,1,0.285440021881386,0.608599614539329
2750,5,0.2,0.33415514409781,0.545813299153432
2750,5,0.22,0.33415514409781,0.545813299153432
2750,5,0.24,0.33415514409781,0.545813299153432
2750,5,0.26,0.33415514409781,0.545813299153432
2750,5,0.28,0.33415514409781,0.545813299153432
2750,5,0.3,0.273174245859013,0.583710871788607
2750,5,0.32,0.273174245859013,0.583710871788607
2750,5,0.34,0.273174245859013,0.583710871788607
2750,5,0.36,0.273174245859013,0.583710871788607
2750,5,0.38,0.273174245859013,0.583710871788607
2750,5,0.4,0.273174245859013,0.583710871788607
2750,5,0.42,0.258017419924607,0.608560038418481
2750,5,0.44,0.258017419924607,0.608560038418481
2750,5,0.46,0.258017419924607,0.608560038418481
2750,5,0.48,0.258017419924607,0.608560038418481
2750,5,0.5,0.258017419924607,0.608560038418481
2750,5,0.52,0.258690739721846,0.60992443844587
2750,5,0.54,0.258690739721846,0.60992443844587
2750,5,0.56,0.281068472900479,0.612479728853746
2750,5,0.58,0.281068472900479,0.612479728853746
2750,5,0.6,0.281068472900479,0.612479728853746
2750,5,0.62,0.281068472900479,0.612479728853746
2750,5,0.64,0.281068472900479,0.612479728853746
2750,5,0.66,0.281068472900479,0.612479728853746
2750,5,0.68,0.281068472900479,0.612479728853746
2750,5,0.7,0.281068472900479,0.612479728853746
2750,5,0.72,0.281068472900479,0.612479728853746
2750,5,0.74,0.281068472900479,0.612479728853746
2750,5,0.76,0.281068472900479,0.612479728853746
2750,5,0.78,0.281068472900479,0.612479728853746
2750,5,0.8,0.281068472900479,0.612479728853746
2750,5,0.82,0.281068472900479,0.612479728853746
2750,5,0.84,0.282225131684032,0.612442617116878
2750,5,0.86,0.282225131684032,0.612442617116878
2750,5,0.88,0.282225131684032,0.612442617116878
2750,5,0.9,0.282225131684032,0.612442617116878
2750,5,0.92,0.282225131684032,0.612442617116878
2750,5,0.94,0.282225131684032,0.612442617116878
2750,5,0.96,0.282225131684032,0.612442617116878
2750,5,0.98,0.282225131684032,0.612442617116878
2750,5,1,0.282225131684032,0.612442617116878
2800,5,0.2,0.341920588912414,0.54147416694718
2800,5,0.22,0.341920588912414,0.54147416694718
2800,5,0.24,0.341920588912414,0.54147416694718
2800,5,0.26,0.341920588912414,0.54147416694718
2800,5,0.28,0.341920588912414,0.54147416694718
2800,5,0.3,0.269848755136603,0.581332918428528
2800,5,0.32,0.269848755136603,0.581332918428528
2800,5,0.34,0.269848755136603,0.581332918428528
2800,5,0.36,0.269848755136603,0.581332918428528
2800,5,0.38,0.269848755136603,0.581332918428528
2800,5,0.4,0.269991308949771,0.583224273852999
2800,5,0.42,0.269991308949771,0.583224273852999
2800,5,0.44,0.269991308949771,0.583224273852999
2800,5,0.46,0.265220144103923,0.605391518362223
2800,5,0.48,0.265220144103923,0.605391518362223
2800,5,0.5,0.265220144103923,0.605391518362223
2800,5,0.52,0.265220144103923,0.605391518362223
2800,5,0.54,0.265220144103923,0.605391518362223
2800,5,0.56,0.265220144103923,0.605391518362223
2800,5,0.58,0.265220144103923,0.605391518362223
2800,5,0.6,0.265220144103923,0.605391518362223
2800,5,0.62,0.265220144103923,0.605391518362223
2800,5,0.64,0.265220144103923,0.605391518362223
2800,5,0.66,0.265220144103923,0.605391518362223
2800,5,0.68,0.265220144103923,0.605391518362223
2800,5,0.7,0.265220144103923,0.605391518362223
2800,5,0.72,0.265572184934144,0.606942154412985
2800,5,0.74,0.265572184934144,0.606942154412985
2800,5,0.76,0.281227920467989,0.604620575491053
2800,5,0.78,0.281227920467989,0.604620575491053
2800,5,0.8,0.281227920467989,0.604620575491053
2800,5,0.82,0.281227920467989,0.604620575491053
2800,5,0.84,0.281227920467989,0.604620575491053
2800,5,0.86,0.281227920467989,0.604620575491053
2800,5,0.88,0.281227920467989,0.604620575491053
2800,5,0.9,0.281227920467989,0.604620575491053
2800,5,0.92,0.281227920467989,0.604620575491053
2800,5,0.94,0.282247173736472,0.604217552564736
2800,5,0.96,0.282247173736472,0.604217552564736
2800,5,0.98,0.282247173736472,0.604217552564736
2800,5,1,0.282247173736472,0.604217552564736
2850,5,0.2,0.341305773794378,0.533435498960194
2850,5,0.22,0.341698407342994,0.534781673667604
2850,5,0.24,0.341698407342994,0.534781673667604
2850,5,0.26,0.341698407342994,0.534781673667604
2850,5,0.28,0.341698407342994,0.534781673667604
2850,5,0.3,0.341698407342994,0.534781673667604
2850,5,0.32,0.341698407342994,0.534781673667604
2850,5,0.34,0.341698407342994,0.534781673667604
2850,5,0.36,0.272110287990257,0.578514732322732
2850,5,0.38,0.272110287990257,0.578514732322732
2850,5,0.4,0.272110287990257,0.578514732322732
2850,5,0.42,0.25952549138904,0.601659627606693
2850,5,0.44,0.25952549138904,0.601659627606693
2850,5,0.46,0.25952549138904,0.601659627606693
2850,5,0.48,0.25952549138904,0.601659627606693
2850,5,0.5,0.25952549138904,0.601659627606693
2850,5,0.52,0.25952549138904,0.601659627606693
2850,5,0.54,0.25952549138904,0.601659627606693
2850,5,0.56,0.25952549138904,0.601659627606693
2850,5,0.58,0.25952549138904,0.601659627606693
2850,5,0.6,0.25952549138904,0.601659627606693
2850,5,0.62,0.25952549138904,0.601659627606693
2850,5,0.64,0.25952549138904,0.601659627606693
2850,5,0.66,0.25952549138904,0.601659627606693
2850,5,0.68,0.25952549138904,0.601659627606693
2850,5,0.7,0.25952549138904,0.601659627606693
2850,5,0.72,0.25952549138904,0.601659627606693
2850,5,0.74,0.25952549138904,0.601659627606693
2850,5,0.76,0.25952549138904,0.601659627606693
2850,5,0.78,0.25952549138904,0.601659627606693
2850,5,0.8,0.25952549138904,0.601659627606693
2850,5,0.82,0.282042728755301,0.601915884241639
2850,5,0.84,0.282042728755301,0.601915884241639
2850,5,0.86,0.282042728755301,0.601915884241639
2850,5,0.88,0.25952549138904,0.601659627606693
2850,5,0.9,0.25952549138904,0.601659627606693
2850,5,0.92,0.282042728755301,0.601915884241639
2850,5,0.94,0.279209161760722,0.59795742339741
2850,5,0.96,0.279209161760722,0.59795742339741
2850,5,0.98,0.279209161760722,0.59795742339741
2850,5,1,0.279209161760722,0.59795742339741
2900,5,0.2,0.329539220285211,0.524546713408503
2900,5,0.22,0.329539220285211,0.524546713408503
2900,5,0.24,0.329539220285211,0.524546713408503
2900,5,0.26,0.258138766414528,0.572882320992531
2900,5,0.28,0.258138766414528,0.572882320992531
2900,5,0.3,0.258138766414528,0.572882320992531
2900,5,0.32,0.258138766414528,0.572882320992531
2900,5,0.34,0.258138766414528,0.572882320992531
2900,5,0.36,0.258138766414528,0.572882320992531
2900,5,0.38,0.258138766414528,0.572882320992531
2900,5,0.4,0.263278191427275,0.606054659445921
2900,5,0.42,0.263278191427275,0.606054659445921
2900,5,0.44,0.263278191427275,0.606054659445921
2900,5,0.46,0.263278191427275,0.606054659445921
2900,5,0.48,0.263278191427275,0.606054659445921
2900,5,0.5,0.263278191427275,0.606054659445921
2900,5,0.52,0.263278191427275,0.606054659445921
2900,5,0.54,0.263278191427275,0.606054659445921
2900,5,0.56,0.263278191427275,0.606054659445921
2900,5,0.58,0.263429892379711,0.606089418450158
2900,5,0.6,0.263429892379711,0.606089418450158
2900,5,0.62,0.263429892379711,0.606089418450158
2900,5,0.64,0.263429892379711,0.606089418450158
2900,5,0.66,0.263429892379711,0.606089418450158
2900,5,0.68,0.263429892379711,0.606089418450158
2900,5,0.7,0.263429892379711,0.606089418450158
2900,5,0.72,0.263429892379711,0.606089418450158
2900,5,0.74,0.263429892379711,0.606089418450158
2900,5,0.76,0.263429892379711,0.606089418450158
2900,5,0.78,0.263429892379711,0.606089418450158
2900,5,0.8,0.263429892379711,0.606089418450158
2900,5,0.82,0.28383635107858,0.601490316853993
2900,5,0.84,0.28383635107858,0.601490316853993
2900,5,0.86,0.28383635107858,0.601490316853993
2900,5,0.88,0.28383635107858,0.601490316853993
2900,5,0.9,0.28383635107858,0.601490316853993
2900,5,0.92,0.28383635107858,0.601490316853993
2900,5,0.94,0.28383635107858,0.601490316853993
2900,5,0.96,0.28383635107858,0.601490316853993
2900,5,0.98,0.28383635107858,0.601490316853993
2900,5,1,0.28383635107858,0.601490316853993
2950,5,0.2,0.337636801641294,0.53372225560391
2950,5,0.22,0.337636801641294,0.53372225560391
2950,5,0.24,0.337636801641294,0.53372225560391
2950,5,0.26,0.337636801641294,0.53372225560391
2950,5,0.28,0.337636801641294,0.53372225560391
2950,5,0.3,0.337636801641294,0.53372225560391
2950,5,0.32,0.337636801641294,0.53372225560391
2950,5,0.34,0.337636801641294,0.53372225560391
2950,5,0.36,0.263695528658169,0.57591491769998
2950,5,0.38,0.263695528658169,0.57591491769998
2950,5,0.4,0.263695528658169,0.57591491769998
2950,5,0.42,0.263695528658169,0.57591491769998
2950,5,0.44,0.263695528658169,0.57591491769998
2950,5,0.46,0.263695528658169,0.57591491769998
2950,5,0.48,0.26295568496261,0.59796077226703
2950,5,0.5,0.26295568496261,0.59796077226703
2950,5,0.52,0.26295568496261,0.59796077226703
2950,5,0.54,0.26295568496261,0.59796077226703
2950,5,0.56,0.26295568496261,0.59796077226703
2950,5,0.58,0.26295568496261,0.59796077226703
2950,5,0.6,0.26295568496261,0.59796077226703
2950,5,0.62,0.26295568496261,0.59796077226703
2950,5,0.64,0.26295568496261,0.59796077226703
2950,5,0.66,0.26295568496261,0.59796077226703
2950,5,0.68,0.26295568496261,0.59796077226703
2950,5,0.7,0.283968453641806,0.594704157126503
2950,5,0.72,0.283968453641806,0.594704157126503
2950,5,0.74,0.283968453641806,0.594704157126503
2950,5,0.76,0.283968453641806,0.594704157126503
2950,5,0.78,0.283968453641806,0.594704157126503
2950,5,0.8,0.283968453641806,0.594704157126503
2950,5,0.82,0.283968453641806,0.594704157126503
2950,5,0.84,0.283968453641806,0.594704157126503
2950,5,0.86,0.283968453641806,0.594704157126503
2950,5,0.88,0.283968453641806,0.594704157126503
2950,5,0.9,0.283968453641806,0.594704157126503
2950,5,0.92,0.283968453641806,0.594704157126503
2950,5,0.94,0.283968453641806,0.594704157126503
2950,5,0.96,0.283968453641806,0.594704157126503
2950,5,0.98,0.283968453641806,0.594704157126503
2950,5,1,0.283968453641806,0.594704157126503
3000,5,0.2,0.330971277575233,0.5282377758714
3000,5,0.22,0.330971277575233,0.5282377758714
3000,5,0.24,0.330971277575233,0.5282377758714
3000,5,0.26,0.258437484418937,0.574949097144021
3000,5,0.28,0.258437484418937,0.574949097144021
3000,5,0.3,0.258437484418937,0.574949097144021
3000,5,0.32,0.258437484418937,0.574949097144021
3000,5,0.34,0.258437484418937,0.574949097144021
3000,5,0.36,0.258437484418937,0.574949097144021
3000,5,0.38,0.258437484418937,0.574949097144021
3000,5,0.4,0.257544107196331,0.607270873268488
3000,5,0.42,0.257544107196331,0.607270873268488
3000,5,0.44,0.257544107196331,0.607270873268488
3000,5,0.46,0.257544107196331,0.607270873268488
3000,5,0.48,0.257544107196331,0.607270873268488
3000,5,0.5,0.257544107196331,0.607270873268488
3000,5,0.52,0.257544107196331,0.607270873268488
3000,5,0.54,0.257544107196331,0.607270873268488
3000,5,0.56,0.257544107196331,0.607270873268488
3000,5,0.58,0.257544107196331,0.607270873268488
3000,5,0.6,0.258596116463891,0.608437022151042
3000,5,0.62,0.258596116463891,0.608437022151042
3000,5,0.64,0.257544107196331,0.607270873268488
3000,5,0.66,0.258596116463891,0.608437022151042
3000,5,0.68,0.258596116463891,0.608437022151042
3000,5,0.7,0.258596116463891,0.608437022151042
3000,5,0.72,0.259119542390897,0.609051514466337
3000,5,0.74,0.259119542390897,0.609051514466337
3000,5,0.76,0.259119542390897,0.609051514466337
3000,5,0.78,0.259119542390897,0.609051514466337
3000,5,0.8,0.259119542390897,0.609051514466337
3000,5,0.82,0.259119542390897,0.609051514466337
3000,5,0.84,0.259119542390897,0.609051514466337
3000,5,0.86,0.282880541458955,0.60441580658771
3000,5,0.88,0.280960705700264,0.601495725671424
3000,5,0.9,0.283231794754946,0.604644683927791
3000,5,0.92,0.283231794754946,0.604644683927791
3000,5,0.94,0.283231794754946,0.604644683927791
3000,5,0.96,0.283231794754946,0.604644683927791
3000,5,0.98,0.280960705700264,0.601495725671424
3000,5,1,0.280960705700264,0.601495725671424
